Symbol;Adjclose;Close;High;Low;Open;Timestamp;Volume
CFG;19.1287;23.08;23.22;21.3500;21.50;2014-09-24;60450900
CFG;19.1039;23.05;23.41;22.4500;22.56;2014-09-25;8430000
CFG;19.2696;23.25;23.37;22.9100;23.18;2014-09-26;2504400
CFG;19.2531;23.23;23.45;22.9100;23.14;2014-09-29;4832600
CFG;19.4105;23.42;23.57;23.0500;23.11;2014-09-30;4103100
CFG;19.4271;23.44;23.61;23.1100;23.22;2014-10-01;3915500
CFG;19.3442;23.34;23.59;23.3030;23.34;2014-10-02;3121400
CFG;19.2531;23.23;23.47;23.0100;23.38;2014-10-03;1585900
CFG;18.7641;22.64;23.37;22.6100;23.28;2014-10-06;1208400
CFG;18.6646;22.52;22.74;22.2600;22.56;2014-10-07;1508400
CFG;18.8552;22.75;23.15;22.1100;22.11;2014-10-08;1649200
CFG;18.6315;22.48;23.00;22.2400;23.00;2014-10-09;1229100
CFG;18.4657;22.28;22.56;22.1350;22.39;2014-10-10;924000
CFG;18.6066;22.45;22.66;22.1200;22.13;2014-10-13;1382800
CFG;18.6066;22.45;22.79;22.3000;22.50;2014-10-14;1605800
CFG;18.1093;21.85;22.20;21.5000;22.13;2014-10-15;3405400
CFG;18.0679;21.80;21.95;21.4700;21.51;2014-10-16;3105800
CFG;18.1673;21.92;22.07;21.7300;21.89;2014-10-17;2750600
CFG;18.5486;22.38;22.38;21.8200;21.82;2014-10-20;1870600
CFG;18.9132;22.82;22.93;22.1100;22.11;2014-10-21;1165500
CFG;18.7309;22.60;23.00;22.4030;22.78;2014-10-22;884700
CFG;19.0873;23.03;23.08;22.5900;22.97;2014-10-23;1154200
CFG;19.2116;23.18;23.49;22.7700;23.32;2014-10-24;1357800
CFG;18.9381;22.85;23.19;22.7250;23.15;2014-10-27;2898800
CFG;19.2945;23.28;23.59;22.9300;23.16;2014-10-28;1500600
CFG;19.4603;23.48;23.53;23.2000;23.35;2014-10-29;1302300
CFG;19.4271;23.44;23.69;23.2970;23.46;2014-10-30;1153600
CFG;19.5763;23.62;23.92;23.3700;23.59;2014-10-31;1238600
CFG;19.8912;24.00;24.00;23.1600;23.49;2014-11-03;1826900
CFG;19.6416;23.60;23.91;23.4300;23.74;2014-11-04;1474500
CFG;19.8912;23.90;23.95;23.5500;23.80;2014-11-05;1097600
CFG;20.2241;24.30;24.46;23.7500;23.79;2014-11-06;1010700
CFG;19.9495;23.97;24.48;23.9600;24.48;2014-11-07;600700
CFG;19.9328;23.95;24.25;23.7500;24.04;2014-11-10;1531300
CFG;19.9245;23.94;24.22;23.7500;23.97;2014-11-11;658300
CFG;19.8579;23.86;23.98;23.5100;23.75;2014-11-12;940800
CFG;19.8247;23.82;23.96;23.5800;23.62;2014-11-13;1149700
CFG;19.9412;23.96;24.00;23.7400;23.74;2014-11-14;1111500
CFG;19.9745;24.00;24.11;23.5600;24.11;2014-11-17;992400
CFG;19.7498;23.73;24.04;23.7100;24.04;2014-11-18;586000
CFG;19.7414;23.72;24.00;23.5100;23.80;2014-11-19;812800
CFG;19.7331;23.71;23.87;23.5000;23.57;2014-11-20;745800
CFG;19.7830;23.77;24.21;23.6950;23.95;2014-11-21;725200
CFG;20.1825;24.25;24.36;23.6800;23.80;2014-11-24;836800
CFG;19.9994;24.03;24.30;24.0200;24.24;2014-11-25;701600
CFG;20.1659;24.23;24.27;23.9200;24.11;2014-11-26;703700
CFG;20.4988;24.63;25.09;24.0500;24.22;2014-11-28;713400
CFG;19.9578;23.98;24.90;23.4900;24.62;2014-12-01;2282600
CFG;20.1409;24.20;24.43;23.8000;24.02;2014-12-02;1369300
CFG;20.1659;24.23;24.59;24.1900;24.33;2014-12-03;1854500
CFG;20.3074;24.40;24.56;24.0900;24.32;2014-12-04;1433700
CFG;20.9316;25.15;25.22;24.4500;24.45;2014-12-05;1008400
CFG;20.8400;25.04;25.14;24.6800;25.08;2014-12-08;2244900
CFG;20.9399;25.16;25.33;24.5000;24.71;2014-12-09;1141800
CFG;20.5154;24.65;25.41;24.6200;25.15;2014-12-10;631000
CFG;20.5487;24.69;25.28;24.5100;24.85;2014-12-11;1709100
CFG;20.3573;24.46;24.83;24.4000;24.52;2014-12-12;950800
CFG;20.3823;24.49;24.81;24.2700;24.68;2014-12-15;1175100
CFG;20.1825;24.25;24.88;24.2200;24.53;2014-12-16;1313900
CFG;20.4405;24.56;24.80;24.2200;24.22;2014-12-17;2160100
CFG;20.8733;25.08;25.14;24.6800;24.75;2014-12-18;1768500
CFG;20.8067;25.00;25.60;24.8400;25.04;2014-12-19;7523100
CFG;20.8900;25.10;25.28;24.6600;25.16;2014-12-22;1689600
CFG;21.1729;25.44;25.50;25.1200;25.31;2014-12-23;1174600
CFG;21.2312;25.51;25.59;25.1800;25.45;2014-12-24;547200
CFG;21.0647;25.31;25.51;25.2500;25.51;2014-12-26;304000
CFG;21.1147;25.37;25.51;25.1800;25.20;2014-12-29;1071000
CFG;20.9649;25.19;25.50;25.1600;25.46;2014-12-30;511800
CFG;20.6902;24.86;25.29;24.8300;25.25;2014-12-31;621600
CFG;20.6070;24.76;25.00;24.2900;24.97;2015-01-02;643500
CFG;20.1243;24.18;24.68;23.8400;24.58;2015-01-05;1330400
CFG;19.8996;23.91;24.22;23.7000;24.17;2015-01-06;2075000
CFG;19.9745;24.00;24.13;23.7900;23.99;2015-01-07;1160200
CFG;20.1243;24.18;24.48;23.9400;24.07;2015-01-08;661500
CFG;19.8829;23.89;24.18;23.7800;24.15;2015-01-09;724700
CFG;19.8746;23.88;24.04;23.6200;23.80;2015-01-12;941100
CFG;19.8663;23.87;24.19;23.6100;23.94;2015-01-13;989800
CFG;19.5084;23.44;23.74;23.1000;23.60;2015-01-14;962500
CFG;19.1089;22.96;23.61;22.6700;23.37;2015-01-15;1558000
CFG;19.3003;23.19;23.24;22.7900;22.83;2015-01-16;1951800
CFG;19.2254;23.10;23.85;22.9100;23.16;2015-01-20;1742100
CFG;19.3752;23.28;23.59;23.0100;23.07;2015-01-21;787300
CFG;20.0910;24.14;24.16;23.2800;23.30;2015-01-22;486500
CFG;19.7331;23.71;24.04;23.6700;24.04;2015-01-23;651800
CFG;20.0494;24.09;24.31;23.5300;23.75;2015-01-26;1167800
CFG;20.0993;24.15;24.64;23.7600;23.86;2015-01-27;1308200
CFG;19.8579;23.86;24.35;23.8400;24.17;2015-01-28;1301900
CFG;20.1742;24.24;24.35;23.2600;23.92;2015-01-29;1818600
CFG;19.8912;23.90;24.24;23.8100;24.10;2015-01-30;1882300
CFG;19.9745;24.00;24.16;23.6900;23.85;2015-02-02;1445800
CFG;20.3004;24.29;24.45;23.8000;23.91;2015-02-03;1351800
CFG;20.0664;24.01;24.38;23.9300;24.27;2015-02-04;1101600
CFG;20.3506;24.35;24.41;23.9800;24.09;2015-02-05;984600
CFG;20.4759;24.50;25.00;24.2200;24.41;2015-02-06;1748400
CFG;20.2753;24.26;24.53;24.1100;24.48;2015-02-09;781600
CFG;20.7434;24.82;24.96;24.5300;24.73;2015-02-10;1384900
CFG;20.8687;24.97;25.00;24.5500;24.88;2015-02-11;1393100
CFG;21.1696;25.33;25.37;24.7500;24.80;2015-02-12;985100
CFG;21.2699;25.45;25.67;25.1400;25.28;2015-02-13;1164500
CFG;21.3618;25.56;25.74;25.2600;25.71;2015-02-17;1807100
CFG;21.0693;25.21;25.63;25.0600;25.63;2015-02-18;1783500
CFG;20.9105;25.02;25.22;24.8500;25.02;2015-02-19;896800
CFG;21.1027;25.25;25.26;24.8620;25.10;2015-02-20;744800
CFG;20.8186;24.91;25.10;24.6750;25.10;2015-02-23;743600
CFG;20.8353;24.93;25.07;24.7700;24.86;2015-02-24;530700
CFG;20.8604;24.96;25.00;24.7200;24.87;2015-02-25;612600
CFG;20.7684;24.85;25.00;24.6100;24.94;2015-02-26;702900
CFG;20.7601;24.84;25.00;24.7100;24.80;2015-02-27;468500
CFG;20.7684;24.85;25.18;24.6200;24.84;2015-03-02;1408600
CFG;20.9272;25.04;25.05;24.5800;24.82;2015-03-03;905500
CFG;20.8102;24.90;24.99;24.5000;24.99;2015-03-04;1781500
CFG;21.1445;25.30;25.32;24.6100;24.89;2015-03-05;1959200
CFG;21.3117;25.50;25.80;24.9500;25.03;2015-03-06;1542200
CFG;21.0860;25.23;25.54;25.1100;25.47;2015-03-09;1890600
CFG;20.8938;25.00;25.20;24.7900;24.95;2015-03-10;1434300
CFG;20.9857;25.11;25.27;25.0000;25.00;2015-03-11;837700
CFG;21.3033;25.49;25.78;24.9900;25.12;2015-03-12;2143300
CFG;20.7016;24.77;25.23;24.4300;25.17;2015-03-13;3480900
CFG;21.1529;25.31;25.32;24.7700;24.93;2015-03-16;1186800
CFG;21.3952;25.60;25.61;24.9000;25.18;2015-03-17;1225200
CFG;21.0526;25.19;25.84;25.1000;25.45;2015-03-18;1287700
CFG;20.7266;24.80;25.19;24.4950;25.00;2015-03-19;1824100
CFG;20.7266;24.80;25.02;24.7400;24.78;2015-03-20;6593200
CFG;20.6932;24.76;25.24;24.5100;24.85;2015-03-23;3773300
CFG;20.3255;24.32;24.92;24.2400;24.70;2015-03-24;2657600
CFG;20.0580;24.00;24.43;23.8400;24.27;2015-03-25;5012400
CFG;20.1583;24.12;24.29;23.8300;24.00;2015-03-26;62491000
CFG;20.4592;24.48;24.54;24.1000;24.11;2015-03-27;9244300
CFG;20.3255;24.32;24.68;24.1600;24.50;2015-03-30;5463500
CFG;20.1667;24.13;24.29;24.0400;24.22;2015-03-31;3946500
CFG;20.3589;24.36;24.46;24.0300;24.15;2015-04-01;5348500
CFG;20.5762;24.62;24.68;24.2500;24.34;2015-04-02;6024800
CFG;20.6849;24.75;24.80;24.2800;24.48;2015-04-06;3718400
CFG;20.8102;24.90;25.00;24.7000;24.73;2015-04-07;5752800
CFG;20.8938;25.00;25.09;24.8800;25.00;2015-04-08;4441600
CFG;20.9272;25.04;25.14;24.9300;25.00;2015-04-09;3584900
CFG;20.9857;25.11;25.30;24.9700;25.03;2015-04-10;2606700
CFG;21.2699;25.45;25.46;24.9800;25.19;2015-04-13;4462600
CFG;21.0108;25.14;25.25;25.0200;25.15;2015-04-14;1860800
CFG;21.3952;25.60;25.66;25.0200;25.15;2015-04-15;3701300
CFG;21.3033;25.49;25.63;25.2000;25.60;2015-04-16;1971000
CFG;20.9941;25.12;25.41;25.0400;25.36;2015-04-17;1303800
CFG;20.9857;25.11;25.28;24.9700;25.19;2015-04-20;2630000
CFG;20.9272;25.04;25.46;24.9600;25.19;2015-04-21;3493900
CFG;21.3033;25.49;25.98;24.9200;25.50;2015-04-22;3562600
CFG;21.4287;25.64;25.74;25.2800;25.66;2015-04-23;2450300
CFG;21.3702;25.57;25.72;25.2800;25.66;2015-04-24;1918400
CFG;21.2949;25.48;25.84;25.4800;25.70;2015-04-27;4843500
CFG;21.5457;25.78;25.83;25.3900;25.53;2015-04-28;2557100
CFG;21.8048;26.09;26.29;25.6000;25.63;2015-04-29;3516600
CFG;21.7713;26.05;26.18;25.6800;25.99;2015-04-30;2700300
CFG;21.7965;25.98;26.30;25.9100;26.15;2015-05-01;2090700
CFG;22.0650;26.30;26.38;25.9700;26.05;2015-05-04;1626000
CFG;22.0146;26.24;26.47;26.1400;26.23;2015-05-05;2164100
CFG;21.6874;25.85;26.43;25.7800;26.29;2015-05-06;2614500
CFG;21.7713;25.95;25.96;25.6100;25.82;2015-05-07;2998300
CFG;21.6539;25.81;26.24;25.5700;26.19;2015-05-08;3298200
CFG;21.8720;26.07;26.19;25.8300;25.83;2015-05-11;4875100
CFG;21.9391;26.15;26.25;25.9600;26.02;2015-05-12;3526300
CFG;22.0062;26.23;26.41;25.9900;26.29;2015-05-13;3532400
CFG;22.2160;26.48;26.59;26.1400;26.48;2015-05-14;2561300
CFG;21.7545;25.93;26.58;25.9000;26.45;2015-05-15;2266900
CFG;22.0650;26.30;26.38;25.8900;25.99;2015-05-18;2182500
CFG;22.5348;26.86;26.89;25.9400;26.02;2015-05-19;3279800
CFG;22.4425;26.75;26.95;26.6400;26.65;2015-05-20;3430900
CFG;22.5180;26.84;26.91;26.4600;26.76;2015-05-21;5403600
CFG;22.5851;26.92;26.99;26.7000;26.83;2015-05-22;3185400
CFG;22.4006;26.70;26.99;26.6600;26.87;2015-05-26;5930200
CFG;22.4593;26.77;26.92;26.5900;26.77;2015-05-27;4423300
CFG;22.5096;26.83;26.92;26.5800;26.77;2015-05-28;3074900
CFG;22.5180;26.84;26.95;26.5650;26.89;2015-05-29;11662100
CFG;22.6103;26.95;27.03;26.7200;26.91;2015-06-01;4060500
CFG;22.8117;27.19;27.34;26.9500;27.00;2015-06-02;3798500
CFG;23.1724;27.62;27.67;27.2400;27.29;2015-06-03;6359400
CFG;23.2815;27.75;27.87;27.5300;27.53;2015-06-04;6119200
CFG;23.7597;28.32;28.35;27.3000;27.79;2015-06-05;7049800
CFG;23.5248;28.04;28.71;28.0000;28.39;2015-06-08;11994700
CFG;23.5583;28.08;28.09;27.3000;28.01;2015-06-09;8313400
CFG;23.4912;28.00;28.31;27.8300;28.20;2015-06-10;7645800
CFG;23.0885;27.52;28.17;27.4600;28.09;2015-06-11;10332600
CFG;23.1053;27.54;27.64;27.3300;27.50;2015-06-12;8410200
CFG;23.4157;27.91;27.99;27.3600;27.37;2015-06-15;6176000
CFG;23.7010;28.25;28.29;27.7300;27.85;2015-06-16;5020100
CFG;23.4157;27.91;28.41;27.8400;28.33;2015-06-17;6830800
CFG;23.5499;28.07;28.12;27.6000;28.00;2015-06-18;6168300
CFG;23.6506;28.19;28.46;28.0200;28.12;2015-06-19;29234700
CFG;23.7177;28.27;28.54;28.1700;28.39;2015-06-22;3695200
CFG;23.6506;28.19;28.53;28.0600;28.38;2015-06-23;5113400
CFG;23.5332;28.05;28.32;27.9850;28.10;2015-06-24;2675600
CFG;22.9711;27.38;28.04;27.2800;27.95;2015-06-25;5014800
CFG;23.1053;27.54;27.62;27.2600;27.37;2015-06-26;9588300
CFG;22.5935;26.93;27.39;26.8000;27.21;2015-06-29;3022500
CFG;22.9123;27.31;27.87;26.9850;27.21;2015-06-30;5524900
CFG;23.0214;27.44;27.74;27.3400;27.53;2015-07-01;2837700
CFG;22.7781;27.15;27.47;26.9200;27.43;2015-07-02;2158000
CFG;22.6606;27.01;27.04;26.6700;26.93;2015-07-06;3392000
CFG;22.4341;26.74;27.04;26.4400;27.01;2015-07-07;3582600
CFG;22.3502;26.64;26.71;26.4600;26.58;2015-07-08;3601900
CFG;22.6355;26.98;27.03;26.8000;26.91;2015-07-09;2196300
CFG;22.9039;27.30;27.35;27.0500;27.25;2015-07-10;1767500
CFG;22.8620;27.25;27.70;27.1900;27.50;2015-07-13;2075200
CFG;23.1137;27.55;27.58;27.2300;27.30;2015-07-14;3363200
CFG;23.3234;27.80;28.00;27.6200;27.75;2015-07-15;2356000
CFG;23.5835;28.11;28.15;27.7100;27.89;2015-07-16;2239400
CFG;23.4157;27.91;28.18;27.8400;28.08;2015-07-17;3126700
CFG;23.4577;27.96;28.17;27.8700;27.93;2015-07-20;4131700
CFG;22.4173;26.72;27.58;25.4800;26.53;2015-07-21;10366900
CFG;22.6858;27.04;27.26;26.6140;26.69;2015-07-22;3829300
CFG;22.1908;26.45;27.30;26.3700;27.06;2015-07-23;3075000
CFG;21.9391;26.15;26.65;26.1200;26.48;2015-07-24;1993900
CFG;21.7629;25.94;26.13;25.6800;26.02;2015-07-27;2544300
CFG;21.9559;26.17;26.36;25.7400;25.80;2015-07-28;5631600
CFG;21.8133;26.00;26.33;26.0000;26.10;2015-07-29;59753900
CFG;22.3102;26.49;26.63;25.6000;26.03;2015-07-30;17805600
CFG;21.9564;26.07;26.60;25.9800;26.56;2015-07-31;9396400
CFG;21.9228;26.03;26.50;26.0000;26.18;2015-08-03;6981500
CFG;22.1249;26.27;26.44;25.9000;26.05;2015-08-04;5120700
CFG;22.4534;26.66;26.84;26.4100;26.49;2015-08-05;6478800
CFG;22.4449;26.65;26.84;26.4300;26.77;2015-08-06;4042000
CFG;22.4870;26.70;26.82;26.3100;26.53;2015-08-07;8972800
CFG;22.8997;27.19;27.26;26.9000;27.01;2015-08-10;4443200
CFG;22.6049;26.84;27.19;26.7000;27.00;2015-08-11;4909300
CFG;21.9228;26.03;26.79;25.7400;26.78;2015-08-12;6983100
CFG;22.0659;26.20;26.30;25.9750;26.00;2015-08-13;4317400
CFG;22.2175;26.38;26.42;26.1300;26.26;2015-08-14;1998500
CFG;22.1333;26.28;26.48;26.0800;26.31;2015-08-17;1746200
CFG;22.3691;26.56;26.58;26.1900;26.29;2015-08-18;2415200
CFG;22.1165;26.26;26.57;26.2300;26.43;2015-08-19;4323000
CFG;21.3332;25.33;26.29;25.3300;26.05;2015-08-20;3193800
CFG;20.6931;24.57;25.11;24.5700;25.02;2015-08-21;4203100
CFG;19.3961;23.03;24.10;21.1400;23.58;2015-08-24;8454800
CFG;19.4551;23.10;24.08;23.0700;23.80;2015-08-25;5607800
CFG;20.3731;24.19;24.45;23.4500;24.00;2015-08-26;6358500
CFG;20.6173;24.48;24.99;24.3700;24.65;2015-08-27;5251700
CFG;20.7942;24.69;24.89;24.3700;24.67;2015-08-28;3096500
CFG;20.9037;24.82;24.94;24.5000;24.62;2015-08-31;3553100
CFG;19.9520;23.69;24.59;23.5200;24.47;2015-09-01;5046600
CFG;20.3226;24.13;24.33;23.4400;23.98;2015-09-02;5658400
CFG;20.6342;24.50;24.79;24.2100;24.30;2015-09-03;3093800
CFG;20.2889;24.09;24.43;23.9600;24.24;2015-09-04;2295000
CFG;20.7437;24.63;24.63;24.2150;24.60;2015-09-08;3484900
CFG;20.5500;24.40;24.99;24.3650;24.78;2015-09-09;3949800
CFG;20.5836;24.44;24.64;24.2200;24.30;2015-09-10;2010800
CFG;20.4826;24.32;24.54;24.0600;24.30;2015-09-11;3544800
CFG;20.5584;24.41;24.67;24.2500;24.28;2015-09-14;2459300
CFG;21.0806;25.03;25.14;24.4220;24.45;2015-09-15;2882000
CFG;20.9542;24.88;25.06;24.6350;24.93;2015-09-16;3541400
CFG;20.2468;24.04;24.96;23.6800;24.84;2015-09-17;5433100
CFG;20.0025;23.75;23.99;23.2200;23.69;2015-09-18;11030900
CFG;20.1288;23.90;24.14;23.7200;23.95;2015-09-21;3422200
CFG;19.8762;23.60;23.67;23.4200;23.50;2015-09-22;2220000
CFG;19.6572;23.34;23.79;23.2750;23.75;2015-09-23;3662100
CFG;19.5730;23.24;23.32;23.0000;23.06;2015-09-24;3495100
CFG;19.8846;23.61;23.82;23.4800;23.63;2015-09-25;4083200
CFG;19.0592;22.63;23.56;22.6000;23.40;2015-09-28;5404800
CFG;19.5562;23.22;23.44;22.5650;22.76;2015-09-29;5979200
CFG;20.0952;23.86;25.23;23.3900;23.66;2015-09-30;5608500
CFG;19.7920;23.50;24.02;23.3700;23.75;2015-10-01;3214100
CFG;19.7162;23.41;23.48;22.4800;22.99;2015-10-02;7919400
CFG;19.9773;23.72;23.83;23.3200;23.64;2015-10-05;6639600
CFG;19.6741;23.36;23.83;23.3000;23.66;2015-10-06;3616500
CFG;19.7414;23.44;23.57;23.1800;23.52;2015-10-07;4528600
CFG;19.8088;23.52;23.64;23.2400;23.43;2015-10-08;4248700
CFG;19.7583;23.46;23.82;23.3600;23.49;2015-10-09;3644200
CFG;19.8425;23.56;23.69;23.3900;23.46;2015-10-12;1948800
CFG;19.7583;23.46;23.62;23.3800;23.50;2015-10-13;2278100
CFG;19.2951;22.91;23.49;22.7900;23.35;2015-10-14;2973500
CFG;19.8088;23.52;23.59;22.9400;23.04;2015-10-15;3083900
CFG;19.5562;23.22;23.78;23.2200;23.62;2015-10-16;4212300
CFG;19.5646;23.23;23.49;23.0300;23.20;2015-10-19;3846700
CFG;19.6993;23.39;23.60;23.1600;23.23;2015-10-20;4082200
CFG;19.5140;23.17;23.87;23.1700;23.48;2015-10-21;3909600
CFG;19.2614;22.87;23.62;22.8700;23.26;2015-10-22;9977700
CFG;20.3984;24.22;24.30;23.2100;23.55;2015-10-23;9488000
CFG;19.8762;23.60;24.49;23.5600;24.25;2015-10-26;4690000
CFG;19.8172;23.53;23.80;23.2700;23.42;2015-10-27;4038000
CFG;20.3647;24.18;24.44;23.5200;23.52;2015-10-28;5537400
CFG;20.3057;24.11;24.43;24.0100;24.18;2015-10-29;4366100
CFG;20.4657;24.30;24.39;23.7300;23.75;2015-10-30;50057600
CFG;20.5921;24.45;24.70;24.1200;24.58;2015-11-02;14762900
CFG;20.6513;24.42;24.62;24.1400;24.46;2015-11-03;6333800
CFG;20.7443;24.53;24.74;24.2000;24.55;2015-11-04;11116700
CFG;20.8119;24.61;24.93;24.4400;24.47;2015-11-05;10044600
CFG;21.7591;25.73;25.97;25.1200;25.47;2015-11-06;16322300
CFG;21.8775;25.87;26.05;25.4800;25.73;2015-11-09;10013800
CFG;21.9874;26.00;26.09;25.7700;25.87;2015-11-10;14272600
CFG;22.0635;26.09;26.13;25.8900;26.00;2015-11-11;6575500
CFG;21.5730;25.51;25.95;25.4900;25.75;2015-11-12;8336200
CFG;21.5900;25.53;25.60;25.2200;25.49;2015-11-13;9834200
CFG;21.7168;25.68;25.72;25.2700;25.60;2015-11-16;6910900
CFG;21.6492;25.60;25.91;25.5200;25.72;2015-11-17;4455500
CFG;22.1566;26.20;26.22;25.6100;25.73;2015-11-18;5740100
CFG;22.0889;26.12;26.24;25.9000;26.10;2015-11-19;3415400
CFG;22.0043;26.02;26.31;25.8700;26.31;2015-11-20;3096000
CFG;21.7675;25.74;26.18;25.6700;25.97;2015-11-23;4369400
CFG;22.0974;26.13;26.15;25.5100;25.64;2015-11-24;4961100
CFG;22.2073;26.26;26.28;25.9370;26.13;2015-11-25;4382200
CFG;22.3172;26.39;26.50;26.1450;26.23;2015-11-27;2250600
CFG;22.5202;26.63;26.65;26.2550;26.43;2015-11-30;9731800
CFG;22.4103;26.50;26.87;26.2800;26.81;2015-12-01;6003100
CFG;22.5287;26.64;26.86;26.4600;26.75;2015-12-02;10320000
CFG;22.3849;26.47;26.84;26.3800;26.83;2015-12-03;10031700
CFG;22.9346;27.12;27.14;26.4600;26.69;2015-12-04;5481300
CFG;22.4187;26.51;27.17;26.3650;27.10;2015-12-07;5337900
CFG;22.3341;26.41;26.55;26.0900;26.25;2015-12-08;4656400
CFG;22.0720;26.10;26.74;25.7900;26.33;2015-12-09;6760600
CFG;22.2411;26.30;26.57;26.0400;26.10;2015-12-10;3559700
CFG;21.6576;25.61;26.17;25.3700;25.96;2015-12-11;6501300
CFG;21.7506;25.72;25.96;25.4000;25.74;2015-12-14;5119800
CFG;22.4441;26.54;26.70;26.0400;26.18;2015-12-15;5445300
CFG;22.7570;26.91;27.02;25.9300;26.75;2015-12-16;9247000
CFG;22.3933;26.48;27.08;26.4250;26.91;2015-12-17;5395000
CFG;21.9029;25.90;26.45;25.8400;26.39;2015-12-18;10143900
CFG;22.0128;26.03;26.34;25.7310;26.14;2015-12-21;4147900
CFG;22.1988;26.25;26.46;25.7000;26.16;2015-12-22;5388300
CFG;22.4272;26.52;26.54;26.1700;26.35;2015-12-23;3890900
CFG;22.4948;26.60;26.68;26.3700;26.45;2015-12-24;1072600
CFG;22.3341;26.41;26.47;26.0800;26.44;2015-12-28;2238800
CFG;22.5117;26.62;26.81;26.4900;26.54;2015-12-29;2872000
CFG;22.2411;26.30;26.66;26.2600;26.49;2015-12-30;2062900
CFG;22.1481;26.19;26.49;26.1400;26.22;2015-12-31;2307000
CFG;21.8183;25.80;25.99;25.4550;25.71;2016-01-04;5598700
CFG;21.7168;25.68;25.95;25.5200;25.77;2016-01-05;6389300
CFG;21.3785;25.28;25.53;25.1500;25.30;2016-01-06;5418800
CFG;20.7950;24.59;24.92;24.3000;24.79;2016-01-07;4976700
CFG;20.1439;23.82;24.88;23.6600;24.81;2016-01-08;10583700
CFG;20.2115;23.90;24.24;23.6700;24.18;2016-01-11;6981400
CFG;20.2115;23.90;24.15;23.5900;24.10;2016-01-12;7081700
CFG;19.6365;23.22;24.15;22.9550;24.08;2016-01-13;8078100
CFG;19.3658;22.90;23.38;22.6000;23.34;2016-01-14;9374000
CFG;18.8754;22.32;22.47;21.7000;22.19;2016-01-15;12940800
CFG;18.7992;22.23;22.71;22.0400;22.60;2016-01-19;9794300
CFG;18.2665;21.60;21.97;21.0000;21.87;2016-01-20;11155900
CFG;18.0381;21.33;21.84;21.1250;21.63;2016-01-21;9819600
CFG;17.5730;20.78;21.80;19.7500;21.65;2016-01-22;23182200
CFG;16.7358;19.79;20.92;19.7300;20.78;2016-01-25;12599300
CFG;17.1586;20.29;20.57;19.9700;19.97;2016-01-26;16250900
CFG;17.9367;21.21;21.61;20.8000;20.98;2016-01-27;33935400
CFG;18.3849;21.74;21.85;21.1400;21.50;2016-01-28;21317800
CFG;17.9705;21.25;21.95;21.2500;21.88;2016-01-29;94875300
CFG;17.5730;20.78;21.21;20.5600;21.11;2016-02-01;10617700
CFG;17.1736;20.21;20.62;20.0800;20.51;2016-02-02;12990500
CFG;17.0377;20.05;20.31;19.2500;20.27;2016-02-03;14336100
CFG;17.1906;20.23;20.55;19.8900;20.04;2016-02-04;9247700
CFG;16.8677;19.85;20.62;19.7600;20.26;2016-02-05;8105900
CFG;16.3154;19.20;19.74;18.9500;19.52;2016-02-08;10227000
CFG;16.6128;19.55;19.61;18.8900;18.93;2016-02-09;10511900
CFG;16.0265;18.86;19.76;18.7950;19.63;2016-02-10;10445600
CFG;15.4146;18.14;18.65;18.0400;18.45;2016-02-11;8392700
CFG;16.0520;18.89;18.99;18.3200;18.60;2016-02-12;9360800
CFG;16.4513;19.36;19.76;18.9000;19.15;2016-02-16;8897700
CFG;16.6978;19.65;20.25;19.4500;19.59;2016-02-17;9440400
CFG;16.2389;19.11;19.81;18.9600;19.67;2016-02-18;7980000
CFG;16.3494;19.24;19.30;18.8850;19.11;2016-02-19;4536100
CFG;16.8252;19.80;19.82;19.4400;19.57;2016-02-22;4789700
CFG;16.4598;19.37;19.81;19.0950;19.73;2016-02-23;6184400
CFG;16.1454;19.00;19.16;18.7750;19.00;2016-02-24;5749500
CFG;16.2984;19.18;19.22;18.8300;19.02;2016-02-25;6750600
CFG;16.7743;19.74;20.11;18.9900;19.30;2016-02-26;11218600
CFG;16.3409;19.23;19.80;19.1800;19.66;2016-02-29;4248100
CFG;17.2246;20.27;20.28;19.3150;19.33;2016-03-01;7856800
CFG;17.8110;20.96;21.10;20.1600;20.24;2016-03-02;8907100
CFG;18.2188;21.44;21.56;20.8200;20.85;2016-03-03;8729100
CFG;18.6352;21.93;22.23;21.5850;21.64;2016-03-04;7150200
CFG;18.2953;21.53;21.86;21.4100;21.70;2016-03-07;6164000
CFG;17.7770;20.92;21.26;20.5300;21.26;2016-03-08;9761900
CFG;17.5900;20.70;21.23;20.5600;21.10;2016-03-09;5653000
CFG;17.8534;21.01;21.23;20.5800;20.88;2016-03-10;5182200
CFG;18.6182;21.91;21.94;21.2900;21.34;2016-03-11;5958900
CFG;18.7712;22.09;22.16;21.6000;21.81;2016-03-14;4860800
CFG;18.8562;22.19;22.22;21.6300;21.82;2016-03-15;5750100
CFG;18.3633;21.61;22.55;21.5800;22.01;2016-03-16;8255800
CFG;18.4653;21.73;21.82;21.1300;21.50;2016-03-17;7425100
CFG;18.7627;22.08;22.24;21.7600;21.93;2016-03-18;10236600
CFG;18.6947;22.00;22.25;21.7300;22.11;2016-03-21;3721900
CFG;18.6352;21.93;22.07;21.5600;21.86;2016-03-22;3745800
CFG;18.4313;21.69;21.97;21.5500;21.93;2016-03-23;3020100
CFG;18.3463;21.59;21.70;21.2200;21.44;2016-03-24;3906500
CFG;18.1764;21.39;21.73;21.2700;21.67;2016-03-28;3613000
CFG;18.0149;21.20;21.38;20.7900;21.23;2016-03-29;5997200
CFG;18.0574;21.25;21.36;20.9800;21.21;2016-03-30;6099700
CFG;17.8025;20.95;21.21;20.7400;21.20;2016-03-31;4954800
CFG;18.1424;21.35;21.38;20.6300;20.92;2016-04-01;4556800
CFG;18.2783;21.51;21.65;21.1150;21.30;2016-04-04;4721700
CFG;17.6410;20.76;21.35;20.6900;21.28;2016-04-05;6993200
CFG;18.1339;21.34;21.36;20.5500;20.74;2016-04-06;6861700
CFG;17.6665;20.79;21.25;20.5300;21.12;2016-04-07;6302300
CFG;17.7345;20.87;21.35;20.7800;20.96;2016-04-08;5449600
CFG;17.8789;21.04;21.45;21.0200;21.03;2016-04-11;2854300
CFG;18.2783;21.51;21.55;21.1400;21.16;2016-04-12;4149300
CFG;19.2046;22.60;22.74;21.6600;21.75;2016-04-13;6202600
CFG;19.3915;22.82;23.28;22.4500;22.58;2016-04-14;5943800
CFG;19.1621;22.55;22.88;22.4100;22.77;2016-04-15;5015500
CFG;19.3065;22.72;22.77;22.2500;22.40;2016-04-18;3604600
CFG;19.6294;23.10;23.38;22.7300;22.73;2016-04-19;8795800
CFG;19.8504;23.36;23.43;22.9900;23.13;2016-04-20;7534500
CFG;19.9948;23.53;24.24;23.4800;23.74;2016-04-21;8222300
CFG;20.0713;23.62;23.77;23.4800;23.62;2016-04-22;5180600
CFG;19.8674;23.38;23.63;23.1300;23.58;2016-04-25;3325900
CFG;20.0118;23.55;23.65;23.3300;23.48;2016-04-26;4065900
CFG;20.0713;23.62;23.83;23.3450;23.52;2016-04-27;4806500
CFG;19.7484;23.24;23.65;23.1350;23.40;2016-04-28;3265900
CFG;19.4170;22.85;23.26;22.7100;23.08;2016-04-29;5315000
CFG;19.6989;23.06;23.09;22.5700;22.84;2016-05-02;3123000
CFG;19.2291;22.51;22.75;22.2900;22.68;2016-05-03;3869200
CFG;18.7849;21.99;22.34;21.6350;22.25;2016-05-04;5202100
CFG;18.8874;22.11;22.20;21.7800;22.00;2016-05-05;4871200
CFG;18.8703;22.09;22.22;21.7700;21.91;2016-05-06;3713900
CFG;18.6653;21.85;22.22;21.8300;22.03;2016-05-09;2712400
CFG;19.1009;22.36;22.52;21.8200;21.94;2016-05-10;10159300
CFG;18.9643;22.20;22.63;22.1900;22.36;2016-05-11;3672600
CFG;18.5884;21.76;22.47;21.6000;22.36;2016-05-12;5748800
CFG;18.2809;21.40;22.22;21.2500;22.00;2016-05-13;6519600
CFG;18.5457;21.71;21.90;21.3000;21.42;2016-05-16;4284700
CFG;18.6396;21.82;22.09;21.4600;21.59;2016-05-17;4167700
CFG;19.7587;23.13;23.14;21.7400;21.74;2016-05-18;9873100
CFG;19.5622;22.90;23.49;22.6200;22.94;2016-05-19;4818800
CFG;19.6306;22.98;23.41;22.8600;22.99;2016-05-20;3933200
CFG;19.6220;22.97;23.11;22.7200;22.97;2016-05-23;2941400
CFG;19.8612;23.25;23.57;23.0300;23.12;2016-05-24;3165600
CFG;20.2371;23.69;23.86;23.2600;23.40;2016-05-25;6771500
CFG;19.9466;23.35;23.71;23.2700;23.68;2016-05-26;4663400
CFG;20.1517;23.59;23.62;23.2600;23.43;2016-05-27;3513500
CFG;20.1175;23.55;23.81;23.3500;23.76;2016-05-31;6726900
CFG;20.1602;23.60;23.71;22.9600;23.28;2016-06-01;3952200
CFG;20.3567;23.83;23.88;23.2900;23.55;2016-06-02;3508100
CFG;19.7672;23.14;23.23;22.5200;22.83;2016-06-03;7799800
CFG;20.0491;23.47;23.67;23.1500;23.24;2016-06-06;5449800
CFG;20.0577;23.48;23.70;23.3200;23.46;2016-06-07;3722500
CFG;20.0406;23.46;23.69;23.3600;23.49;2016-06-08;3343100
CFG;19.5451;22.88;23.26;22.8100;23.26;2016-06-09;4449100
CFG;19.1864;22.46;22.69;22.2700;22.55;2016-06-10;4677600
CFG;18.8617;22.08;22.72;22.0500;22.31;2016-06-13;5179700
CFG;18.2040;21.31;22.18;20.9400;22.01;2016-06-14;8924700
CFG;18.2467;21.36;21.84;21.3000;21.44;2016-06-15;6084900
CFG;17.8879;20.94;21.19;20.8300;21.16;2016-06-16;4987500
CFG;18.0246;21.10;21.24;20.9200;21.00;2016-06-17;9968000
CFG;18.2040;21.31;21.82;21.2500;21.53;2016-06-20;6019400
CFG;18.4090;21.55;21.59;21.0600;21.33;2016-06-21;6220000
CFG;18.2552;21.37;21.82;21.3400;21.52;2016-06-22;4140200
CFG;18.8959;22.12;22.13;21.6900;21.75;2016-06-23;5342800
CFG;17.0422;19.95;20.82;19.9500;20.47;2016-06-24;21596300
CFG;15.7523;18.44;19.56;18.3400;19.56;2016-06-27;13059000
CFG;16.2050;18.97;19.28;18.6150;18.91;2016-06-28;23334900
CFG;16.6749;19.52;19.59;18.8600;19.25;2016-06-29;8301000
CFG;17.0678;19.98;20.12;19.6300;19.77;2016-06-30;10744100
CFG;16.7859;19.65;19.91;19.3800;19.88;2016-07-01;5723900
CFG;16.1452;18.90;19.34;18.7300;19.31;2016-07-05;5693200
CFG;16.2221;18.99;19.01;18.5800;18.65;2016-07-06;7896000
CFG;16.5895;19.42;19.44;18.9900;18.99;2016-07-07;8140400
CFG;16.9568;19.85;20.01;19.5250;19.79;2016-07-08;8867100
CFG;17.1874;20.12;20.23;19.9400;20.03;2016-07-11;4953400
CFG;17.4608;20.44;20.69;20.3600;20.45;2016-07-12;6519500
CFG;17.5633;20.56;20.61;20.2100;20.37;2016-07-13;3949200
CFG;17.9306;20.99;21.36;20.8200;21.00;2016-07-14;4670500
CFG;17.9221;20.98;21.27;20.9500;21.14;2016-07-15;5157300
CFG;17.9221;20.98;21.08;20.7400;20.94;2016-07-18;8284900
CFG;17.9648;21.03;21.18;20.7700;20.77;2016-07-19;5204800
CFG;18.2125;21.32;21.53;20.8400;21.06;2016-07-20;8471000
CFG;18.5200;21.68;22.50;21.5150;22.26;2016-07-21;12955900
CFG;18.6226;21.80;22.00;21.6100;21.75;2016-07-22;6390700
CFG;18.8190;22.03;22.07;21.7400;21.74;2016-07-25;5910700
CFG;19.2120;22.49;22.56;21.9100;21.99;2016-07-26;6197800
CFG;19.2889;22.58;22.75;22.2500;22.47;2016-07-27;8846600
CFG;19.1778;22.45;22.73;22.3050;22.55;2016-07-28;6201300
CFG;19.0753;22.33;22.73;22.2800;22.37;2016-07-29;4011700
CFG;19.0667;22.20;22.53;22.1200;22.25;2016-08-01;4848100
CFG;18.9379;22.05;22.44;21.9200;22.16;2016-08-02;5918500
CFG;19.2900;22.46;22.48;22.0000;22.07;2016-08-03;4841300
CFG;19.4188;22.61;22.73;22.4500;22.45;2016-08-04;5901700
CFG;20.0888;23.39;23.45;22.8600;22.95;2016-08-05;7331000
CFG;20.1403;23.45;23.69;23.3800;23.49;2016-08-08;5396500
CFG;20.1746;23.49;23.59;23.2800;23.38;2016-08-09;5153000
CFG;19.9685;23.25;23.53;23.1600;23.45;2016-08-10;3478400
CFG;20.0974;23.40;23.52;23.1480;23.29;2016-08-11;3691000
CFG;19.9857;23.27;23.29;22.9600;23.22;2016-08-12;3080100
CFG;20.2176;23.54;23.68;23.3500;23.42;2016-08-15;4491000
CFG;20.0888;23.39;23.67;23.3210;23.35;2016-08-16;4756500
CFG;20.1317;23.44;23.54;23.3190;23.32;2016-08-17;4241700
CFG;20.0888;23.39;23.60;23.3200;23.46;2016-08-18;3797000
CFG;20.2519;23.58;23.62;23.2000;23.31;2016-08-19;2948800
CFG;20.1832;23.50;23.62;23.3700;23.56;2016-08-22;3139100
CFG;20.2090;23.53;23.76;23.5050;23.63;2016-08-23;4698200
CFG;20.1746;23.49;23.75;23.4300;23.58;2016-08-24;4032600
CFG;20.3035;23.64;23.70;23.3700;23.47;2016-08-25;2293600
CFG;20.7157;24.12;24.16;23.6400;23.70;2016-08-26;6155000
CFG;21.0077;24.46;24.69;24.1800;24.20;2016-08-29;6644600
CFG;21.2396;24.73;24.81;24.0800;24.46;2016-08-30;4555300
CFG;21.2740;24.77;24.80;24.4250;24.75;2016-08-31;6701900
CFG;21.0593;24.52;24.96;24.2950;24.86;2016-09-01;4631200
CFG;21.1967;24.68;24.88;24.4100;24.59;2016-09-02;4892100
CFG;20.8703;24.30;24.73;24.1650;24.67;2016-09-06;4998300
CFG;21.1022;24.57;24.64;24.1500;24.24;2016-09-07;3645400
CFG;21.4028;24.92;24.94;24.5050;24.62;2016-09-08;4293800
CFG;21.3083;24.81;25.07;24.7000;24.73;2016-09-09;7103200
CFG;21.5316;25.07;25.11;24.3300;24.60;2016-09-12;6584000
CFG;21.1452;24.62;24.79;24.2200;24.72;2016-09-13;6656600
CFG;20.9562;24.40;24.82;24.3500;24.61;2016-09-14;4671200
CFG;21.0249;24.48;24.62;24.2600;24.31;2016-09-15;5107800
CFG;20.6986;24.10;24.32;23.9400;24.26;2016-09-16;8753900
CFG;20.7758;24.19;24.53;24.1100;24.27;2016-09-19;4027900
CFG;20.7587;24.17;24.45;23.9750;24.39;2016-09-20;4080300
CFG;20.8789;24.31;24.54;24.0800;24.35;2016-09-21;3832600
CFG;20.8188;24.24;24.50;24.1600;24.39;2016-09-22;4438100
CFG;20.9648;24.41;24.57;24.1100;24.16;2016-09-23;4935700
CFG;20.5783;23.96;24.27;23.8400;24.19;2016-09-26;4708100
CFG;20.8789;24.31;24.33;23.8100;23.90;2016-09-27;3868500
CFG;20.9648;24.41;24.47;23.8900;24.31;2016-09-28;8700300
CFG;20.6556;24.05;24.59;23.8400;24.47;2016-09-29;5070200
CFG;21.2225;24.71;24.82;24.1200;24.28;2016-09-30;6661500
CFG;21.1280;24.60;24.72;24.4200;24.57;2016-10-03;3174200
CFG;21.4629;24.99;25.34;24.6400;24.67;2016-10-04;5959300
CFG;21.9611;25.57;25.68;25.0500;25.15;2016-10-05;5297800
CFG;22.0641;25.69;25.79;25.3300;25.59;2016-10-06;3921100
CFG;21.9010;25.50;25.80;25.2200;25.70;2016-10-07;4944000
CFG;21.9353;25.54;25.91;25.4900;25.79;2016-10-10;3131200
CFG;21.4372;24.96;25.76;24.8300;25.54;2016-10-11;7271500
CFG;21.6862;25.25;25.49;24.9500;24.99;2016-10-12;4079400
CFG;21.0593;24.52;24.96;24.2200;24.94;2016-10-13;4791900
CFG;21.2912;24.79;25.10;24.6100;24.92;2016-10-14;3596500
CFG;21.1108;24.58;25.00;24.4350;24.84;2016-10-17;3493800
CFG;21.3427;24.85;24.95;24.5600;24.93;2016-10-18;3373900
CFG;21.7292;25.30;25.41;24.9300;24.93;2016-10-19;3578900
CFG;21.9439;25.55;25.74;25.1400;25.19;2016-10-20;6624300
CFG;22.3046;25.97;26.09;25.5000;25.68;2016-10-21;4308400
CFG;22.6310;26.35;26.49;26.1700;26.36;2016-10-24;5127100
CFG;22.7255;26.46;26.55;26.1900;26.40;2016-10-25;4255900
CFG;23.0776;26.87;26.87;26.3400;26.37;2016-10-26;4994900
CFG;23.0776;26.87;27.21;26.7700;27.06;2016-10-27;5738000
CFG;22.6310;26.35;26.89;26.2100;26.87;2016-10-28;7858900
CFG;22.7259;26.34;26.54;26.2500;26.38;2016-10-31;5903400
CFG;23.1573;26.84;26.85;26.3400;26.52;2016-11-01;7868800
CFG;22.5188;26.10;26.66;25.8700;26.63;2016-11-02;7557200
CFG;22.6655;26.27;26.51;26.1550;26.26;2016-11-03;4931000
CFG;22.7863;26.41;26.76;25.9750;26.26;2016-11-04;3643500
CFG;23.5973;27.35;27.37;26.9400;26.94;2016-11-07;5132500
CFG;23.2522;26.95;27.16;26.4600;26.82;2016-11-08;5125100
CFG;24.3307;28.20;28.44;27.2000;27.29;2016-11-09;12784900
CFG;25.5386;29.60;30.00;28.6600;28.66;2016-11-10;12026100
CFG;25.7543;29.85;30.00;29.0500;29.42;2016-11-11;16252800
CFG;26.6430;30.88;31.01;30.0850;30.13;2016-11-14;14672000
CFG;26.6947;30.94;31.17;30.0900;30.50;2016-11-15;10089900
CFG;26.5135;30.73;30.79;30.2600;30.35;2016-11-16;7471500
CFG;27.3763;31.73;31.80;30.6900;30.73;2016-11-17;9743700
CFG;27.5834;31.97;32.14;31.6500;31.81;2016-11-18;8228300
CFG;27.5489;31.93;32.23;31.7000;32.23;2016-11-21;4587300
CFG;27.5403;31.92;32.26;31.7750;32.17;2016-11-22;8293900
CFG;27.9544;32.40;32.63;31.8200;31.99;2016-11-23;5667700
CFG;28.0062;32.46;32.46;32.2500;32.39;2016-11-25;1507000
CFG;27.4195;31.78;32.36;31.6900;32.14;2016-11-28;5531000
CFG;27.9458;32.39;32.59;31.8600;31.96;2016-11-29;5712900
CFG;28.9121;33.51;33.70;33.0500;33.05;2016-11-30;7345100
CFG;29.6627;34.38;34.91;33.8300;33.87;2016-12-01;7613600
CFG;29.4643;34.15;34.54;33.8100;34.54;2016-12-02;5881800
CFG;29.4643;34.15;34.75;33.8900;34.55;2016-12-05;6612000
CFG;29.9388;34.70;34.81;34.2200;34.61;2016-12-06;4585300
CFG;30.2494;35.06;35.08;34.1250;34.73;2016-12-07;6267200
CFG;30.6636;35.54;35.75;34.7600;35.37;2016-12-08;6598600
CFG;30.6377;35.51;35.59;34.8700;35.54;2016-12-09;4745900
CFG;30.2063;35.01;35.69;34.7600;35.08;2016-12-12;4836100
CFG;30.0251;34.80;35.20;34.1300;35.15;2016-12-13;6048200
CFG;29.8784;34.63;35.81;34.1600;34.43;2016-12-14;7098400
CFG;30.5428;35.40;35.81;34.5800;35.12;2016-12-15;6350200
CFG;30.4738;35.32;36.05;35.1200;35.71;2016-12-16;13133400
CFG;30.5169;35.37;35.42;34.8610;35.30;2016-12-19;5258300
CFG;31.1295;36.08;36.13;35.5800;35.72;2016-12-20;3430700
CFG;31.0777;36.02;36.10;35.6950;36.05;2016-12-21;2900300
CFG;31.0604;36.00;36.16;35.8600;36.02;2016-12-22;3788100
CFG;31.3452;36.33;36.33;35.9100;36.02;2016-12-23;1896100
CFG;31.4573;36.46;36.56;36.1700;36.39;2016-12-27;1935800
CFG;31.0604;36.00;36.52;35.8800;36.48;2016-12-28;2837800
CFG;30.4392;35.28;36.02;35.2350;35.95;2016-12-29;3783600
CFG;30.7412;35.63;35.67;35.1500;35.34;2016-12-30;3394300
CFG;30.9397;35.86;37.08;35.5600;36.44;2017-01-03;5045900
CFG;31.2071;36.17;36.25;35.8300;36.03;2017-01-04;4354900
CFG;30.8189;35.72;36.26;35.2250;36.02;2017-01-05;3725200
CFG;30.9828;35.91;36.08;35.7100;35.91;2017-01-06;3623500
CFG;30.7844;35.68;35.83;35.1500;35.63;2017-01-09;3035600
CFG;31.3020;36.28;36.37;35.8000;35.88;2017-01-10;3730400
CFG;31.2934;36.27;36.37;35.8400;36.17;2017-01-11;4273300
CFG;30.9914;35.92;36.14;35.1650;36.10;2017-01-12;3961600
CFG;31.3107;36.29;36.98;35.9000;36.20;2017-01-13;5200800
CFG;29.4384;34.12;35.91;33.9700;35.83;2017-01-17;8472300
CFG;30.1890;34.99;35.02;33.8000;34.36;2017-01-18;6386100
CFG;29.9647;34.73;35.43;34.4100;34.93;2017-01-19;5737300
CFG;30.9051;35.82;36.18;35.3000;35.56;2017-01-20;8164500
CFG;30.9655;35.89;35.97;35.3800;35.60;2017-01-23;4893700
CFG;31.3193;36.30;36.41;35.8750;35.96;2017-01-24;6052500
CFG;32.3719;37.52;37.54;36.6730;36.76;2017-01-25;5714200
CFG;32.3892;37.54;37.95;37.2100;37.51;2017-01-26;4795700
CFG;31.9146;36.99;37.48;36.8700;37.43;2017-01-27;4278600
CFG;31.5177;36.53;36.76;35.9000;36.54;2017-01-30;4981900
CFG;31.3272;36.17;36.87;35.8700;36.33;2017-01-31;4774900
CFG;31.6043;36.49;37.16;36.3850;36.54;2017-02-01;4795900
CFG;31.2146;36.04;36.22;35.6500;36.19;2017-02-02;4355900
CFG;31.8642;36.79;36.91;36.3600;36.81;2017-02-03;3873300
CFG;31.5870;36.47;36.92;36.2100;36.31;2017-02-06;4633600
CFG;31.6910;36.59;36.81;36.3250;36.60;2017-02-07;3815800
CFG;30.6170;35.35;36.28;35.2400;36.25;2017-02-08;8451800
CFG;31.3878;36.24;36.28;35.2100;35.35;2017-02-09;5731000
CFG;31.5437;36.42;36.53;36.0900;36.15;2017-02-10;3283800
CFG;31.9768;36.92;37.20;36.7100;36.81;2017-02-13;3506200
CFG;32.8948;37.98;38.07;36.7700;36.92;2017-02-14;5148600
CFG;33.2326;38.37;38.43;37.7600;38.10;2017-02-15;3840400
CFG;33.1287;38.25;38.40;37.9800;38.11;2017-02-16;2756900
CFG;32.7736;37.84;37.84;37.4500;37.72;2017-02-17;5495900
CFG;32.9555;38.05;38.23;37.6150;38.01;2017-02-21;4622400
CFG;32.6264;37.67;37.94;37.5100;37.81;2017-02-22;5247700
CFG;32.2626;37.25;37.86;36.7700;37.84;2017-02-23;5960200
CFG;31.7429;36.65;37.16;36.4600;36.75;2017-02-24;7559300
CFG;32.2106;37.19;37.26;36.6600;36.77;2017-02-27;4015400
CFG;32.3665;37.37;37.44;36.8200;37.00;2017-02-28;4450200
CFG;34.2893;39.59;39.75;38.3400;38.42;2017-03-01;7133700
CFG;32.9555;38.05;39.74;38.0100;39.68;2017-03-02;5930200
CFG;33.1807;38.31;38.53;38.1300;38.24;2017-03-03;4489400
CFG;33.1460;38.27;38.45;37.7500;38.07;2017-03-06;2723000
CFG;32.8862;37.97;38.35;37.7600;38.22;2017-03-07;2628300
CFG;32.7822;37.85;38.64;37.7700;38.57;2017-03-08;3445600
CFG;32.6783;37.73;38.26;37.5400;37.99;2017-03-09;2948900
CFG;32.6004;37.64;38.14;36.9700;38.06;2017-03-10;4473000
CFG;32.3665;37.37;37.87;37.2890;37.59;2017-03-13;4176300
CFG;32.2106;37.19;37.26;36.7300;37.20;2017-03-14;3378100
CFG;31.8555;36.78;37.63;36.6500;37.40;2017-03-15;5340000
CFG;32.1327;37.10;37.31;36.7700;37.06;2017-03-16;3363700
CFG;31.7169;36.62;37.20;36.4200;37.05;2017-03-17;13510100
CFG;31.3791;36.23;36.65;36.1000;36.50;2017-03-20;5881900
CFG;29.7595;34.36;36.61;34.2100;36.52;2017-03-21;7594800
CFG;29.8202;34.43;34.90;33.4500;34.12;2017-03-22;7066700
CFG;29.9414;34.57;35.27;34.0600;34.30;2017-03-23;4736700
CFG;29.8894;34.51;34.93;34.0200;34.79;2017-03-24;4923000
CFG;29.6556;34.24;34.31;32.9900;33.45;2017-03-27;5075300
CFG;30.3398;35.03;35.29;34.0500;34.08;2017-03-28;4379400
CFG;29.8721;34.49;35.18;33.8600;35.00;2017-03-29;11159000
CFG;30.2099;34.88;35.25;34.3100;34.55;2017-03-30;5519000
CFG;29.9241;34.55;35.03;34.4100;34.67;2017-03-31;5060900
CFG;30.1579;34.82;35.00;34.0900;34.64;2017-04-03;5149400
CFG;30.2272;34.90;35.15;34.4000;34.57;2017-04-04;4645400
CFG;29.7769;34.38;35.55;34.3700;35.34;2017-04-05;4949100
CFG;30.2445;34.92;35.04;34.1500;34.37;2017-04-06;3104300
CFG;29.9934;34.63;34.91;34.3000;34.54;2017-04-07;3748100
CFG;29.7769;34.38;35.09;34.2000;34.62;2017-04-10;3944900
CFG;29.7769;34.38;34.38;33.6300;34.12;2017-04-11;4157600
CFG;29.2139;33.73;34.34;33.5000;34.29;2017-04-12;4051800
CFG;28.7895;33.24;34.14;33.2400;33.56;2017-04-13;3882500
CFG;29.3784;33.92;33.96;33.1350;33.28;2017-04-17;3349500
CFG;29.1879;33.70;34.09;33.3500;33.64;2017-04-18;4819000
CFG;29.6383;34.22;34.49;33.8900;34.04;2017-04-19;7394200
CFG;30.5477;35.27;35.75;34.6500;34.65;2017-04-20;5212300
CFG;30.2272;34.90;35.50;34.5250;35.28;2017-04-21;7131100
CFG;31.0500;35.85;36.57;35.6550;36.09;2017-04-24;7965300
CFG;31.5697;36.45;36.65;36.1500;36.48;2017-04-25;7075100
CFG;31.8728;36.80;37.10;36.3200;36.34;2017-04-26;5828300
CFG;31.8469;36.77;36.94;36.2500;36.82;2017-04-27;7426000
CFG;31.7949;36.71;37.25;36.5900;36.77;2017-04-28;7819500
CFG;32.2818;37.13;37.48;36.9000;36.99;2017-05-01;4659400
CFG;32.0296;36.84;37.33;36.5300;37.09;2017-05-02;3858200
CFG;32.3513;37.21;37.30;36.4600;36.60;2017-05-03;3536900
CFG;32.4644;37.34;38.01;37.2700;37.68;2017-05-04;3838600
CFG;32.1427;36.97;37.49;36.8300;37.42;2017-05-05;3105300
CFG;32.4817;37.36;37.62;37.0200;37.02;2017-05-08;2760600
CFG;32.3252;37.18;37.69;37.0200;37.41;2017-05-09;2615900
CFG;32.3513;37.21;37.25;36.8300;37.05;2017-05-10;2499400
CFG;32.1687;37.00;37.18;36.5100;37.04;2017-05-11;2632200
CFG;31.8644;36.65;36.80;36.0000;36.80;2017-05-12;3345100
CFG;32.1861;37.02;37.08;36.6300;36.72;2017-05-15;3529900
CFG;32.2383;37.08;37.31;36.7200;37.09;2017-05-16;3486200
CFG;30.0560;34.57;37.08;34.3500;37.08;2017-05-17;9944800
CFG;29.9604;34.46;35.03;34.3200;34.32;2017-05-18;6107700
CFG;30.0560;34.57;35.01;34.4300;34.69;2017-05-19;5270200
CFG;30.0560;34.57;34.96;34.2910;34.79;2017-05-22;4214500
CFG;30.5081;35.09;35.29;34.4100;34.68;2017-05-23;4377600
CFG;30.1082;34.63;35.19;34.4500;35.19;2017-05-24;4131700
CFG;30.0560;34.57;34.97;34.4500;34.70;2017-05-25;3954000
CFG;30.1169;34.64;34.82;34.3400;34.51;2017-05-26;4866800
CFG;29.7778;34.25;34.51;34.1200;34.42;2017-05-30;6637400
CFG;29.6474;34.10;34.39;33.4900;34.34;2017-05-31;5854200
CFG;29.9952;34.50;34.70;33.9700;34.27;2017-06-01;4073700
CFG;29.6735;34.13;34.40;33.7600;34.18;2017-06-02;5804100
CFG;29.5431;33.98;34.48;33.9700;34.18;2017-06-05;4939900
CFG;29.4387;33.86;34.08;33.4000;33.64;2017-06-06;3277100
CFG;30.0126;34.52;34.71;33.8100;34.05;2017-06-07;3642000
CFG;30.9689;35.62;36.03;34.3900;34.52;2017-06-08;5832400
CFG;31.5949;36.34;36.74;35.8700;35.89;2017-06-09;4730700
CFG;31.8297;36.61;36.98;36.2000;36.35;2017-06-12;6392400
CFG;32.0644;36.88;37.18;36.7100;36.88;2017-06-13;3774500
CFG;31.8036;36.58;36.61;35.6100;36.54;2017-06-14;5384300
CFG;31.9166;36.71;37.00;36.3200;36.33;2017-06-15;3167800
CFG;31.6210;36.37;36.78;36.2900;36.75;2017-06-16;5086300
CFG;31.7775;36.55;36.99;36.3800;36.65;2017-06-19;3136800
CFG;31.2471;35.94;36.49;35.8400;36.29;2017-06-20;3048600
CFG;30.6038;35.20;36.06;35.1500;36.05;2017-06-21;3832900
CFG;30.4125;34.98;35.20;34.5350;35.14;2017-06-22;4440900
CFG;29.9865;34.49;35.21;34.0500;35.14;2017-06-23;11276100
CFG;30.1343;34.66;35.00;34.4000;34.60;2017-06-26;6672300
CFG;30.2908;34.84;35.28;34.7200;34.92;2017-06-27;3570900
CFG;30.7255;35.34;35.65;35.1000;35.18;2017-06-28;5225300
CFG;30.9950;35.65;36.73;35.1800;36.18;2017-06-29;5573700
CFG;31.0211;35.68;36.01;35.2900;35.89;2017-06-30;3281200
CFG;31.7688;36.54;36.76;35.7600;35.89;2017-07-03;2328700
CFG;32.0644;36.88;37.06;36.2100;36.66;2017-07-05;5212900
CFG;31.8210;36.60;37.25;36.5300;36.87;2017-07-06;4151200
CFG;32.2296;37.07;37.13;36.3900;36.73;2017-07-07;4086600
CFG;32.2122;37.05;37.25;36.7100;37.07;2017-07-10;4071800
CFG;31.9340;36.73;37.21;36.5600;37.11;2017-07-11;3533100
CFG;31.7514;36.52;36.61;36.0800;36.60;2017-07-12;3105300
CFG;32.0383;36.85;36.93;36.4000;36.64;2017-07-13;2895600
CFG;31.5080;36.24;36.46;35.7900;36.22;2017-07-14;3606500
CFG;31.3776;36.09;36.36;35.8800;36.16;2017-07-17;2914000
CFG;30.9428;35.59;35.89;35.2900;35.81;2017-07-18;3338400
CFG;30.6646;35.27;35.78;34.9100;35.78;2017-07-19;3632200
CFG;30.6472;35.25;35.42;34.8200;35.25;2017-07-20;4893500
CFG;29.9778;34.48;35.90;34.3250;35.19;2017-07-21;6953200
CFG;30.8211;35.45;35.58;34.5000;34.55;2017-07-24;4736300
CFG;31.1689;35.85;36.32;35.6950;36.14;2017-07-25;5392500
CFG;30.5777;35.17;36.03;35.0000;36.01;2017-07-26;4156400
CFG;30.4647;35.04;35.51;34.6950;35.25;2017-07-27;5039600
CFG;30.3777;34.94;35.21;34.7500;35.04;2017-07-28;2786000
CFG;30.6574;35.08;35.27;34.8350;35.00;2017-07-31;3430400
CFG;30.7797;35.22;35.40;34.9650;35.37;2017-08-01;3066300
CFG;31.1293;35.62;35.63;35.1200;35.19;2017-08-02;3555500
CFG;30.7797;35.22;35.66;35.1500;35.53;2017-08-03;4182500
CFG;31.1293;35.62;36.30;35.5300;35.62;2017-08-04;3751300
CFG;30.8933;35.35;35.72;35.3400;35.62;2017-08-07;4100800
CFG;30.8846;35.34;36.06;35.2150;35.27;2017-08-08;3549400
CFG;30.6137;35.03;35.09;34.7000;34.96;2017-08-09;2555100
CFG;29.4601;33.71;34.84;33.6700;34.64;2017-08-10;4239900
CFG;29.1804;33.39;34.04;33.2200;33.73;2017-08-11;4223700
CFG;29.9058;34.22;34.62;33.7950;33.91;2017-08-14;3061800
CFG;29.7048;33.99;34.91;33.9700;34.65;2017-08-15;3188800
CFG;29.6698;33.95;34.39;33.8000;34.15;2017-08-16;2988900
CFG;28.6736;32.81;34.00;32.7700;33.85;2017-08-17;4202300
CFG;28.8920;33.06;33.42;32.4600;32.75;2017-08-18;3972300
CFG;28.5774;32.70;33.11;32.6000;33.06;2017-08-21;6705200
CFG;29.2067;33.42;33.47;32.9100;32.96;2017-08-22;4825300
CFG;29.2766;33.50;34.00;33.0800;33.14;2017-08-23;3893900
CFG;29.7135;34.00;34.05;33.5400;33.68;2017-08-24;5454400
CFG;29.5824;33.85;34.37;33.8400;34.11;2017-08-25;2763500
CFG;29.2504;33.47;33.98;33.2900;33.94;2017-08-28;5160400
CFG;29.1105;33.31;33.43;32.6700;32.92;2017-08-29;4448500
CFG;29.1804;33.39;33.80;33.3400;33.34;2017-08-30;3180800
CFG;28.9532;33.13;33.65;33.1100;33.59;2017-08-31;3633600
CFG;29.3727;33.61;33.90;33.1500;33.28;2017-09-01;2883500
CFG;28.5337;32.65;33.45;32.5100;33.41;2017-09-05;3952300
CFG;28.6386;32.77;33.18;32.6100;32.89;2017-09-06;3997100
CFG;28.0356;32.08;32.74;31.5100;32.69;2017-09-07;5217000
CFG;28.6736;32.81;33.02;32.1200;32.12;2017-09-08;5447300
CFG;29.2416;33.46;33.77;33.0800;33.24;2017-09-11;4412800
CFG;30.1330;34.48;34.75;33.6100;33.63;2017-09-12;5623500
CFG;30.3165;34.69;34.96;34.2200;34.30;2017-09-13;4051100
CFG;30.3952;34.78;35.34;34.7400;34.96;2017-09-14;5508000
CFG;30.7273;35.16;35.17;34.4200;34.69;2017-09-15;6791100
CFG;31.1031;35.59;35.72;35.1300;35.18;2017-09-18;3552400
CFG;31.3041;35.82;36.01;35.4700;35.62;2017-09-19;4242300
CFG;31.2779;35.79;35.98;35.0350;35.85;2017-09-20;8886700
CFG;31.6974;36.27;36.39;35.8100;35.83;2017-09-21;4440000
CFG;31.7673;36.35;36.52;36.0300;36.09;2017-09-22;2597000
CFG;31.8634;36.46;36.66;36.0600;36.32;2017-09-25;3923700
CFG;32.1780;36.82;37.01;36.3600;36.54;2017-09-26;4179900
CFG;32.5276;37.22;37.65;37.1150;37.52;2017-09-27;4290400
CFG;32.3965;37.07;37.43;36.7800;37.35;2017-09-28;3760500
CFG;33.0956;37.87;38.06;37.0550;37.17;2017-09-29;5707400
CFG;32.5276;37.22;37.70;36.9200;37.53;2017-10-02;9024100
CFG;32.1955;36.84;37.40;36.7400;37.25;2017-10-03;6926000
CFG;31.9595;36.57;36.77;36.1000;36.12;2017-10-04;11398200
CFG;32.4489;37.13;37.33;36.4700;36.68;2017-10-05;4741800
CFG;32.7635;37.49;37.68;37.0700;37.31;2017-10-06;5049600
CFG;32.6062;37.31;37.81;37.1400;37.60;2017-10-09;3696900
CFG;33.0432;37.81;37.86;37.2750;37.34;2017-10-10;3643500
CFG;32.7286;37.45;37.74;37.1800;37.58;2017-10-11;4005400
CFG;32.4751;37.16;37.68;37.0400;37.54;2017-10-12;2885500
CFG;32.3178;36.98;37.34;36.5100;37.00;2017-10-13;3742600
CFG;32.3790;37.05;37.31;36.9200;37.04;2017-10-16;3366100
CFG;32.0557;36.68;37.25;36.6000;37.24;2017-10-17;3307700
CFG;32.4926;37.18;37.32;36.6500;36.88;2017-10-18;5668700
CFG;32.7111;37.43;37.53;36.6800;36.80;2017-10-19;4632100
CFG;33.4977;38.33;38.70;37.7400;38.35;2017-10-20;6990200
CFG;33.6462;38.50;38.82;38.3550;38.51;2017-10-23;8428400
CFG;33.5326;38.37;38.94;38.3000;38.61;2017-10-24;6312000
CFG;33.2355;38.03;38.54;37.6750;38.40;2017-10-25;5422700
CFG;33.6549;38.51;38.99;38.1900;38.30;2017-10-26;4599900
CFG;33.6025;38.45;38.54;38.2200;38.37;2017-10-27;2464200
CFG;33.2792;38.08;38.40;37.8930;38.25;2017-10-30;3720600
CFG;33.3757;38.01;38.35;37.9100;37.97;2017-10-31;3200500
CFG;33.6919;38.37;38.98;38.1200;38.21;2017-11-01;5282100
CFG;34.0168;38.74;38.88;37.9000;38.26;2017-11-02;3353100
CFG;34.0870;38.82;39.10;38.5300;38.68;2017-11-03;2949500
CFG;33.9992;38.72;38.90;38.4800;38.69;2017-11-06;2233700
CFG;33.0772;37.67;38.99;37.5500;38.80;2017-11-07;4868900
CFG;32.7611;37.31;37.57;36.9800;37.45;2017-11-08;5045800
CFG;32.3221;36.81;37.32;36.4600;36.97;2017-11-09;4777100
CFG;32.2079;36.68;37.08;36.6200;36.85;2017-11-10;3615000
CFG;32.6645;37.20;37.28;36.2500;36.47;2017-11-13;4689000
CFG;33.4284;38.07;38.14;36.9200;37.02;2017-11-14;4903500
CFG;33.4899;38.14;38.35;37.4000;37.68;2017-11-15;4191000
CFG;33.2967;37.92;38.74;37.9100;38.50;2017-11-16;3584300
CFG;33.5162;38.17;38.37;37.5700;37.65;2017-11-17;2096800
CFG;33.5865;38.25;38.49;38.1000;38.31;2017-11-20;4023700
CFG;33.2792;37.90;38.37;37.7900;38.37;2017-11-21;4695300
CFG;33.2177;37.83;38.25;37.8000;38.00;2017-11-22;2848200
CFG;33.1475;37.75;38.09;37.6150;38.02;2017-11-24;807200
CFG;33.0421;37.63;37.87;37.4650;37.74;2017-11-27;2299800
CFG;34.0519;38.78;38.84;37.7150;37.75;2017-11-28;5322100
CFG;35.7114;40.67;41.08;39.1100;39.25;2017-11-29;8737000
CFG;35.7378;40.70;41.77;40.6600;41.08;2017-11-30;13191000
CFG;35.7290;40.69;41.19;39.4200;40.90;2017-12-01;6694600
CFG;36.7476;41.85;42.52;41.3200;41.49;2017-12-04;6494500
CFG;35.9046;40.89;42.09;40.7400;41.83;2017-12-05;6205600
CFG;35.6763;40.63;40.91;40.2400;40.67;2017-12-06;4265200
CFG;36.3788;41.43;41.44;40.2700;40.41;2017-12-07;4692200
CFG;36.6510;41.74;41.80;41.1800;41.64;2017-12-08;3200200
CFG;36.3700;41.42;41.92;41.1600;41.70;2017-12-11;3258300
CFG;36.8090;41.92;42.21;41.4200;41.66;2017-12-12;4219300
CFG;36.2998;41.34;42.34;41.3100;41.90;2017-12-13;3995200
CFG;35.8871;40.87;41.74;40.7000;41.58;2017-12-14;3637700
CFG;36.6159;41.70;42.19;41.0200;41.29;2017-12-15;9186200
CFG;36.9056;42.03;42.72;41.7300;42.04;2017-12-18;4445900
CFG;36.9495;42.08;42.84;42.0600;42.56;2017-12-19;5364800
CFG;36.8178;41.93;42.67;41.7500;42.58;2017-12-20;2521100
CFG;37.4061;42.60;42.93;42.1950;42.39;2017-12-21;4102100
CFG;37.4325;42.63;42.91;42.2100;42.85;2017-12-22;3620200
CFG;37.3359;42.52;42.92;42.3400;42.63;2017-12-26;2408400
CFG;37.1954;42.36;42.52;42.1500;42.45;2017-12-27;2345900
CFG;37.2656;42.44;42.46;42.1000;42.43;2017-12-28;1459900
CFG;36.8617;41.98;42.66;41.9500;42.44;2017-12-29;2644600
CFG;37.4764;42.68;42.68;42.0200;42.35;2018-01-02;5073100
CFG;37.9066;43.17;43.29;42.4400;42.57;2018-01-03;6281200
CFG;38.3545;43.68;44.33;43.3900;43.58;2018-01-04;6740100
CFG;38.5301;43.88;44.24;43.6500;43.89;2018-01-05;7315600
CFG;38.6881;44.06;44.27;43.6300;43.80;2018-01-08;4725700
CFG;38.8023;44.19;44.85;44.0100;44.17;2018-01-09;5434900
CFG;39.4257;44.90;45.46;44.2800;44.34;2018-01-10;2914700
CFG;39.7769;45.30;45.31;44.6300;45.06;2018-01-11;3292500
CFG;39.9701;45.52;45.79;45.2900;45.61;2018-01-12;2267300
CFG;39.7330;45.25;45.93;44.9450;45.79;2018-01-16;2981700
CFG;40.2511;45.84;46.01;44.8300;45.52;2018-01-17;3730300
CFG;40.1809;45.76;46.13;45.2200;45.95;2018-01-18;6065000
CFG;41.1116;46.82;47.32;45.6400;46.14;2018-01-19;7826200
CFG;41.9809;47.81;47.87;47.0100;47.24;2018-01-22;4196100
CFG;42.0336;47.87;48.14;47.3000;47.69;2018-01-23;3885900
CFG;41.6034;47.38;48.23;47.1200;48.07;2018-01-24;7287100
CFG;40.9799;46.67;47.64;46.3400;47.60;2018-01-25;5613200
CFG;41.2258;46.95;47.02;46.4100;46.80;2018-01-26;3979400
CFG;41.0502;46.75;47.17;46.6600;46.83;2018-01-29;4266900
CFG;40.5409;46.17;46.95;46.1550;46.41;2018-01-30;3727500
CFG;40.4968;45.90;46.69;45.7800;46.05;2018-01-31;4150500
CFG;41.2996;46.81;46.85;45.7600;45.91;2018-02-01;6742900
CFG;40.6026;46.02;47.06;45.7650;46.65;2018-02-02;6066600
CFG;38.5381;43.68;46.25;43.5700;45.08;2018-02-05;5846100
CFG;39.3498;44.60;45.08;41.4800;42.50;2018-02-06;8299800
CFG;39.5615;44.84;45.39;43.7000;44.33;2018-02-07;6545800
CFG;37.2235;42.19;45.02;42.1700;44.89;2018-02-08;4709300
CFG;37.9822;43.05;43.48;41.4900;42.94;2018-02-09;6874600
CFG;38.7851;43.96;44.52;43.1500;43.51;2018-02-12;4381000
CFG;39.1645;44.39;44.42;43.3900;43.53;2018-02-13;3437700
CFG;40.4526;45.85;45.89;44.0100;44.01;2018-02-14;6307600
CFG;40.6026;46.02;46.64;45.6000;46.33;2018-02-15;3042700
CFG;40.5232;45.93;46.56;45.7300;45.73;2018-02-16;2791500
CFG;40.6644;46.09;46.61;45.6900;45.89;2018-02-20;4780700
CFG;40.8497;46.30;46.96;45.7600;45.98;2018-02-21;4491000
CFG;40.0997;45.45;46.79;45.3700;46.53;2018-02-22;2471100
CFG;40.9644;46.43;46.44;45.6600;45.71;2018-02-23;2388600
CFG;39.2968;44.54;46.62;43.8200;46.53;2018-02-26;14458500
CFG;38.5998;43.75;45.46;43.7500;44.52;2018-02-27;13968100
CFG;38.3705;43.49;44.70;43.4700;44.17;2018-02-28;8098700
CFG;38.4057;43.53;44.53;43.2100;43.54;2018-03-01;7400900
CFG;38.9792;44.18;44.28;42.5800;43.14;2018-03-02;5850800
CFG;39.5792;44.86;45.08;43.3800;43.73;2018-03-05;5293300
CFG;39.9850;45.32;45.51;44.4400;45.16;2018-03-06;3843500
CFG;40.0909;45.44;45.56;44.6000;44.76;2018-03-07;3468200
CFG;39.8968;45.22;45.90;44.5600;45.68;2018-03-08;3957400
CFG;40.8144;46.26;46.32;45.3300;45.58;2018-03-09;4264300
CFG;40.7173;46.15;46.66;46.1100;46.30;2018-03-12;3581800
CFG;40.3468;45.73;46.55;45.6250;46.47;2018-03-13;3044800
CFG;39.8174;45.13;45.91;44.9900;45.86;2018-03-14;5014600
CFG;39.6674;44.96;45.46;44.7600;45.37;2018-03-15;3121300
CFG;39.5880;44.87;45.65;44.8500;45.08;2018-03-16;6372100
CFG;39.6233;44.91;45.06;44.2700;44.86;2018-03-19;3169200
CFG;39.4998;44.77;45.42;44.6900;45.19;2018-03-20;2063900
CFG;39.6321;44.92;45.56;44.5300;44.77;2018-03-21;3601000
CFG;37.8940;42.95;44.53;42.8650;44.29;2018-03-22;5413800
CFG;36.4118;41.27;43.10;41.1850;43.10;2018-03-23;5167300
CFG;38.0440;43.12;43.23;41.7100;42.03;2018-03-26;6224800
CFG;36.6941;41.59;43.42;41.2000;43.25;2018-03-27;5434300
CFG;36.6588;41.55;41.97;40.8000;41.80;2018-03-28;5276000
CFG;37.0382;41.98;42.17;41.4200;41.82;2018-03-29;6672900
CFG;36.2618;41.10;42.00;40.4500;41.94;2018-04-02;4659700
CFG;36.8882;41.81;41.97;41.0750;41.25;2018-04-03;3581100
CFG;37.7352;42.77;42.87;41.0700;41.25;2018-04-04;4959200
CFG;37.9558;43.02;43.36;42.4900;43.06;2018-04-05;5229400
CFG;36.5971;41.48;42.49;40.9800;42.33;2018-04-06;5383200
CFG;36.8265;41.74;42.75;41.6650;41.71;2018-04-09;4324100
CFG;37.6735;42.70;42.93;42.1800;42.50;2018-04-10;3645700
CFG;37.2147;42.18;42.51;42.0500;42.25;2018-04-11;3161900
CFG;38.1499;43.24;43.50;42.5900;42.63;2018-04-12;3777700
CFG;37.3029;42.28;43.62;42.0300;43.52;2018-04-13;3787200
CFG;37.3823;42.37;42.93;41.9600;42.70;2018-04-16;2919100
CFG;36.4294;41.29;42.76;40.8200;42.63;2018-04-17;7108300
CFG;36.2000;41.03;41.83;40.7000;41.38;2018-04-18;6786900
CFG;36.9323;41.86;41.99;41.0700;41.14;2018-04-19;5860700
CFG;37.0382;41.98;42.51;41.5200;42.00;2018-04-20;5391500
CFG;37.5058;42.51;43.01;42.3000;42.56;2018-04-23;5521100
CFG;37.2941;42.27;43.51;41.7000;42.89;2018-04-24;5980600
CFG;37.5146;42.52;42.81;41.6200;42.14;2018-04-25;3772900
CFG;37.0382;41.98;42.61;41.9400;42.44;2018-04-26;3832100
CFG;37.4705;42.47;42.49;41.8300;41.95;2018-04-27;3442000
CFG;36.6059;41.49;42.82;41.4900;42.63;2018-04-30;2836100
CFG;36.3221;40.95;41.34;40.3300;41.10;2018-05-01;7339300
CFG;36.3753;41.01;41.87;40.9050;40.96;2018-05-02;5698600
CFG;35.8431;40.41;40.99;39.9800;40.67;2018-05-03;4179900
CFG;36.3930;41.03;41.35;39.9100;40.17;2018-05-04;2738900
CFG;36.4285;41.07;41.37;40.7000;41.12;2018-05-07;2592900
CFG;36.6502;41.32;41.90;40.9250;41.16;2018-05-08;3656400
CFG;37.4042;42.17;42.34;41.4100;41.56;2018-05-09;3177000
CFG;37.5727;42.36;42.58;41.7150;42.17;2018-05-10;2610300
CFG;37.6082;42.40;42.60;42.1900;42.47;2018-05-11;2430200
CFG;37.5550;42.34;42.65;42.1600;42.62;2018-05-14;2365800
CFG;37.8920;42.72;43.12;42.2500;42.28;2018-05-15;3501100
CFG;37.7324;42.54;42.85;42.2950;42.52;2018-05-16;2906000
CFG;37.6969;42.50;42.72;42.0800;42.41;2018-05-17;3580400
CFG;36.8631;41.56;42.47;41.5600;42.32;2018-05-18;3456700
CFG;37.1558;41.89;42.22;41.6000;41.77;2018-05-21;3850000
CFG;37.4219;42.19;42.58;41.9800;41.99;2018-05-22;3424500
CFG;37.0671;41.79;42.24;41.4900;42.02;2018-05-23;6262900
CFG;36.8454;41.54;41.70;40.6600;41.59;2018-05-24;4452900
CFG;36.8188;41.51;41.60;41.0400;41.30;2018-05-25;3597000
CFG;34.9561;39.41;41.03;39.0700;40.99;2018-05-29;6899700
CFG;35.8697;40.44;40.63;39.9100;40.25;2018-05-30;4363100
CFG;36.2334;40.85;41.00;40.2200;40.70;2018-05-31;9028500
CFG;36.9252;41.63;42.06;41.3600;41.46;2018-06-01;4173900
CFG;37.1736;41.91;42.04;41.6700;41.76;2018-06-04;4778300
CFG;36.8010;41.49;41.98;41.0600;41.78;2018-06-05;4022300
CFG;37.5904;42.38;42.51;41.6000;41.60;2018-06-06;3702100
CFG;37.1736;41.91;42.72;41.8200;42.55;2018-06-07;4811000
CFG;37.2357;41.98;42.04;41.5700;41.77;2018-06-08;4135600
CFG;37.1203;41.85;42.57;41.7400;42.23;2018-06-11;4652600
CFG;37.4397;42.21;42.53;41.8450;41.97;2018-06-12;5631800
CFG;37.1115;41.84;42.87;41.7900;42.33;2018-06-13;5709200
CFG;36.7212;41.40;42.18;40.9800;42.09;2018-06-14;5402900
CFG;36.9873;41.70;41.82;40.5000;41.33;2018-06-15;8035200
CFG;37.1203;41.85;42.10;41.0680;41.34;2018-06-18;4824900
CFG;37.0316;41.75;41.88;41.1700;41.34;2018-06-19;4108500
CFG;37.1558;41.89;42.23;41.6900;42.10;2018-06-20;4323300
CFG;37.1913;41.93;42.19;41.2300;41.69;2018-06-21;2774700
CFG;36.5261;41.18;42.20;41.1000;41.92;2018-06-22;5378200
CFG;36.2334;40.85;41.08;40.2600;41.03;2018-06-25;7724400
CFG;35.6036;40.14;40.99;39.9200;40.88;2018-06-26;6471400
CFG;35.0891;39.56;40.59;39.4800;40.02;2018-06-27;4854500
CFG;35.0448;39.51;39.90;39.3000;39.68;2018-06-28;3799000
CFG;34.5037;38.90;40.25;38.8400;39.85;2018-06-29;6868700
CFG;34.9295;39.38;39.41;38.6500;38.70;2018-07-02;4336700
CFG;34.5569;38.96;39.70;38.9300;39.39;2018-07-03;1695600
CFG;34.7521;39.18;39.51;38.9600;39.27;2018-07-05;4981500
CFG;34.9029;39.35;39.53;38.7100;38.97;2018-07-06;3668900
CFG;35.9229;40.50;40.67;39.4400;39.54;2018-07-09;4627600
CFG;35.5149;40.04;40.83;39.7950;40.60;2018-07-10;2984200
CFG;35.2931;39.79;40.28;39.7100;39.80;2018-07-11;3094700
CFG;35.0980;39.57;40.15;39.4000;40.13;2018-07-12;5139000
CFG;34.9117;39.36;39.72;38.9500;39.40;2018-07-13;4342600
CFG;35.4617;39.98;40.24;39.5200;39.61;2018-07-16;4278700
CFG;35.5149;40.04;40.41;39.9100;39.98;2018-07-17;3965700
CFG;36.4019;41.04;41.07;40.0700;40.07;2018-07-18;4275100
CFG;36.0648;40.66;40.99;40.2000;40.94;2018-07-19;5817900
CFG;35.6568;40.20;41.22;39.7600;41.10;2018-07-20;5895200
CFG;35.9495;40.53;40.77;40.1100;40.11;2018-07-23;5402100
CFG;35.5149;40.04;40.66;39.8700;40.62;2018-07-24;7864700
CFG;35.4085;39.92;40.14;39.5300;39.97;2018-07-25;4645600
CFG;35.4439;39.96;40.57;39.9050;40.00;2018-07-26;4712600
CFG;35.5681;40.10;40.57;39.8000;40.11;2018-07-27;4102700
CFG;35.5415;40.07;40.33;39.9860;40.24;2018-07-30;4518000
CFG;35.5236;39.78;40.07;39.4100;40.02;2018-07-31;3591900
CFG;35.6487;39.92;40.42;39.8300;40.03;2018-08-01;4074200
CFG;35.9791;40.29;40.42;39.4200;39.52;2018-08-02;3448000
CFG;36.0952;40.42;40.47;40.1000;40.12;2018-08-03;4112000
CFG;35.8362;40.13;40.40;39.8500;40.40;2018-08-06;3613400
CFG;36.0862;40.41;40.77;40.2000;40.22;2018-08-07;3367100
CFG;36.6220;41.01;41.12;40.3600;40.39;2018-08-08;2952000
CFG;36.2470;40.59;41.10;40.5650;40.93;2018-08-09;2686500
CFG;35.9612;40.27;40.44;39.8000;40.02;2018-08-10;2143300
CFG;35.5772;39.84;40.56;39.8200;40.27;2018-08-13;2496400
CFG;36.0773;40.40;40.60;39.8760;39.95;2018-08-14;3017300
CFG;35.4969;39.75;40.25;39.6200;40.06;2018-08-15;4199100
CFG;36.1309;40.46;40.61;40.0000;40.02;2018-08-16;3501800
CFG;36.3363;40.69;40.77;40.2700;40.39;2018-08-17;2269400
CFG;36.4792;40.85;40.87;40.5600;40.63;2018-08-20;2091200
CFG;36.8542;41.27;41.57;40.8300;40.87;2018-08-21;3270300
CFG;36.8364;41.25;41.31;40.9100;41.08;2018-08-22;2521100
CFG;36.6488;41.04;41.31;40.8000;41.23;2018-08-23;2713200
CFG;36.5685;40.95;41.33;40.8900;41.21;2018-08-24;3289800
CFG;36.9971;41.43;41.73;41.0500;41.05;2018-08-27;2517400
CFG;37.0596;41.50;41.76;41.2800;41.59;2018-08-28;3138600
CFG;36.7292;41.13;41.59;40.9500;41.59;2018-08-29;3487300
CFG;36.5417;40.92;41.21;40.8100;41.15;2018-08-30;3080600
CFG;36.7560;41.16;41.28;40.5500;40.80;2018-08-31;2660300
CFG;36.8185;41.23;41.42;40.8800;41.25;2018-09-04;2875400
CFG;37.0417;41.48;41.67;41.1400;41.23;2018-09-05;3801800
CFG;36.7828;41.19;41.67;41.0730;41.52;2018-09-06;2612200
CFG;36.6220;41.01;41.36;40.7950;41.36;2018-09-07;3539000
CFG;36.3988;40.76;41.14;40.6750;41.13;2018-09-10;1942700
CFG;36.6399;41.03;41.27;40.6700;40.74;2018-09-11;4948000
CFG;36.0416;40.36;41.26;40.2100;40.99;2018-09-12;4408000
CFG;35.5147;39.77;40.56;39.6100;40.50;2018-09-13;5480300
CFG;35.8451;40.14;40.49;39.7300;39.86;2018-09-14;3618400
CFG;35.6219;39.89;40.25;39.8400;40.25;2018-09-17;2464000
CFG;35.5504;39.81;40.13;39.6450;39.95;2018-09-18;3395000
CFG;36.0952;40.42;40.60;39.7700;39.87;2018-09-19;3341700
CFG;36.6399;41.03;41.17;40.5800;40.66;2018-09-20;3011900
CFG;36.5952;40.98;41.17;40.8100;41.13;2018-09-21;5111500
CFG;36.0862;40.41;41.13;40.2900;40.87;2018-09-24;3091100
CFG;35.8451;40.14;40.62;40.1200;40.58;2018-09-25;2652000
CFG;35.1932;39.41;40.35;39.3500;40.35;2018-09-26;3972100
CFG;34.7646;38.93;39.52;38.8400;39.43;2018-09-27;3575800
CFG;34.4431;38.57;39.02;38.4700;38.67;2018-09-28;4718800
CFG;34.2556;38.36;39.02;38.1700;38.80;2018-10-01;3385900
CFG;33.9966;38.07;38.52;37.9700;38.24;2018-10-02;4212200
CFG;34.6753;38.83;39.09;38.1350;38.40;2018-10-03;4659200
CFG;34.9164;39.10;39.69;38.8200;38.86;2018-10-04;4085100
CFG;34.6306;38.78;39.45;38.5650;39.27;2018-10-05;2960900
CFG;35.0325;39.23;39.38;38.5700;38.70;2018-10-08;2324800
CFG;34.8003;38.97;39.36;38.8400;39.10;2018-10-09;3448200
CFG;34.0770;38.16;39.41;38.1400;39.10;2018-10-10;5224400
CFG;33.0322;36.99;38.15;36.8550;37.98;2018-10-11;7640100
CFG;32.2463;36.11;37.99;35.2500;37.99;2018-10-12;7469600
CFG;32.0141;35.85;36.36;35.6550;36.09;2018-10-15;5712800
CFG;31.8891;35.71;36.06;35.0500;36.02;2018-10-16;7528100
CFG;32.0499;35.89;36.37;35.2000;35.67;2018-10-17;6389600
CFG;31.1837;34.92;35.95;34.8750;35.71;2018-10-18;7503600
CFG;32.4785;36.37;36.89;35.4100;35.66;2018-10-19;6619800
CFG;31.9427;35.77;37.29;35.6500;37.10;2018-10-22;9609200
CFG;32.3624;36.24;36.51;35.1500;35.34;2018-10-23;8937100
CFG;31.2819;35.03;36.22;34.9600;36.09;2018-10-24;7255900
CFG;32.0499;35.89;36.27;35.2500;35.25;2018-10-25;5659600
CFG;32.0231;35.86;36.11;35.2900;35.57;2018-10-26;5802100
CFG;32.2910;36.16;36.74;35.7700;36.40;2018-10-29;5345000
CFG;32.6869;36.33;36.39;35.5500;36.14;2018-10-30;5997700
CFG;33.6046;37.35;37.92;36.7300;36.75;2018-10-31;6488600
CFG;33.6585;37.41;37.89;37.2100;37.60;2018-11-01;5536900
CFG;33.7575;37.52;38.17;37.1100;37.79;2018-11-02;4679700
CFG;33.9465;37.73;37.88;37.2900;37.44;2018-11-05;2738500
CFG;33.9465;37.73;37.98;37.3800;37.55;2018-11-06;6468300
CFG;34.3154;38.14;38.25;37.2550;37.91;2018-11-07;2674300
CFG;34.4593;38.30;38.64;37.7500;38.03;2018-11-08;3891100
CFG;34.2434;38.06;38.56;37.8400;38.16;2018-11-09;3382200
CFG;33.8475;37.62;38.29;37.5600;38.00;2018-11-12;4984600
CFG;33.9105;37.69;38.21;37.5800;37.62;2018-11-13;3582000
CFG;32.5789;36.21;37.92;35.9100;37.82;2018-11-14;8901600
CFG;32.9118;36.58;36.58;35.5100;35.90;2018-11-15;6490600
CFG;32.6239;36.26;36.53;36.0900;36.31;2018-11-16;5821400
CFG;32.3450;35.95;36.59;35.5150;36.27;2018-11-19;5897200
CFG;31.6972;35.23;35.84;35.0800;35.65;2018-11-20;5510600
CFG;31.9401;35.50;35.96;34.8200;35.49;2018-11-21;3497100
CFG;31.6612;35.19;35.53;35.0200;35.18;2018-11-23;1597600
CFG;32.4439;36.06;36.49;35.6500;35.71;2018-11-26;7782700
CFG;32.4349;36.05;36.50;35.7900;36.06;2018-11-27;4302000
CFG;32.7768;36.43;36.56;35.5000;36.04;2018-11-28;4260600
CFG;32.4169;36.03;36.38;35.8750;36.08;2018-11-29;4320000
CFG;32.7138;36.36;36.67;35.8300;36.04;2018-11-30;5518300
CFG;32.8848;36.55;37.11;36.1900;36.90;2018-12-03;5414900
CFG;30.9864;34.44;36.44;34.0700;36.24;2018-12-04;7394400
CFG;30.3926;33.78;34.25;33.0000;33.87;2018-12-06;7859600
CFG;29.6998;33.01;34.03;32.7950;33.66;2018-12-07;5178500
CFG;28.8360;32.05;32.86;31.5500;32.82;2018-12-10;7212700
CFG;28.5032;31.68;32.82;31.5250;32.39;2018-12-11;6133100
CFG;28.4582;31.63;32.30;31.5700;32.13;2018-12-12;5630600
CFG;27.7834;30.88;31.75;30.7500;31.64;2018-12-13;6163400
CFG;27.2255;30.26;31.15;30.0700;30.52;2018-12-14;5923700
CFG;27.0636;30.08;30.72;29.7910;30.00;2018-12-17;6460200
CFG;26.8207;29.81;30.64;29.6700;30.27;2018-12-18;7932100
CFG;26.0919;29.00;30.28;28.8000;29.69;2018-12-19;6759000
CFG;25.9569;28.85;29.30;28.4750;28.84;2018-12-20;6704600
CFG;25.6600;28.52;29.37;28.3600;28.86;2018-12-21;10894100
CFG;25.1382;27.94;28.51;27.7550;28.26;2018-12-24;4308800
CFG;26.5328;29.49;29.56;27.6200;28.11;2018-12-26;6940500
CFG;26.6137;29.58;29.59;28.4900;29.05;2018-12-27;6005900
CFG;26.6047;29.57;30.04;29.2900;29.68;2018-12-28;5821500
CFG;26.7487;29.73;30.07;29.2700;29.63;2018-12-31;5720200
CFG;27.4505;30.51;30.57;29.2650;29.43;2019-01-02;4878800
CFG;27.3245;30.37;30.91;30.1100;30.43;2019-01-03;4573600
CFG;28.4492;31.62;31.74;30.8900;30.99;2019-01-04;4521400
CFG;28.8001;32.01;32.38;31.3500;31.64;2019-01-07;7387000
CFG;28.8001;32.01;32.38;31.4600;32.09;2019-01-08;4106100
CFG;29.1779;32.43;32.52;31.8800;32.40;2019-01-09;4651200
CFG;29.0070;32.24;32.59;31.8150;32.40;2019-01-10;6308800
CFG;29.3579;32.63;32.87;31.9600;32.01;2019-01-11;6311800
CFG;29.7448;33.06;33.33;32.2200;32.32;2019-01-14;6985400
CFG;29.7808;33.10;33.14;32.4500;32.98;2019-01-15;4303300
CFG;30.5455;33.95;34.13;33.2900;33.53;2019-01-16;4819100
CFG;30.5005;33.90;34.11;33.2700;33.79;2019-01-17;7548800
CFG;31.8771;35.43;35.48;33.9900;34.20;2019-01-18;9676300
CFG;31.6522;35.18;35.57;34.8500;35.29;2019-01-22;6488900
CFG;31.4452;34.95;35.59;34.6350;35.45;2019-01-23;5164000
CFG;31.6252;35.15;35.28;34.8000;34.85;2019-01-24;3912900
CFG;31.8861;35.44;35.77;35.1600;35.46;2019-01-25;3418900
CFG;31.7961;35.34;35.54;35.0700;35.20;2019-01-28;3565600
CFG;31.5352;35.05;35.37;35.0200;35.07;2019-01-29;3907300
CFG;31.3899;34.57;35.12;34.4900;34.87;2019-01-30;3849200
CFG;30.7997;33.92;34.45;33.3700;34.26;2019-01-31;6826200
CFG;31.0449;34.19;34.44;33.9000;34.08;2019-02-01;7465200
CFG;31.2810;34.45;34.48;34.0200;34.25;2019-02-04;3595800
CFG;31.2174;34.38;34.60;34.1700;34.46;2019-02-05;3200300
CFG;31.3445;34.52;34.67;34.2500;34.25;2019-02-06;3488200
CFG;32.3070;35.58;36.02;35.0100;35.02;2019-02-07;9760600
CFG;32.0709;35.32;35.68;34.8200;35.34;2019-02-08;4829200
CFG;32.1890;35.45;35.59;35.2900;35.53;2019-02-11;3125800
CFG;32.7065;36.02;36.15;35.7200;35.80;2019-02-12;4723200
CFG;32.9699;36.31;36.49;35.9250;36.01;2019-02-13;5670300
CFG;32.5976;35.90;36.26;35.5550;35.96;2019-02-14;6129900
CFG;33.3240;36.70;36.74;36.1500;36.27;2019-02-15;3192800
CFG;33.6690;37.08;37.15;36.3500;36.55;2019-02-19;4750600
CFG;34.1957;37.66;37.70;36.7650;37.01;2019-02-20;4372700
CFG;33.8052;37.23;37.73;37.0000;37.70;2019-02-21;4322600
CFG;33.8052;37.23;37.36;36.8500;37.28;2019-02-22;4017500
CFG;33.6327;37.04;37.68;37.0400;37.60;2019-02-25;3694900
CFG;33.3149;36.69;37.17;36.5700;36.83;2019-02-26;3734400
CFG;33.6236;37.03;37.09;36.5300;36.80;2019-02-27;2860700
CFG;33.5419;36.94;37.17;36.8400;37.15;2019-02-28;3530300
CFG;33.5964;37.00;37.58;36.7800;37.22;2019-03-01;3403000
CFG;33.4602;36.85;37.50;36.5100;37.06;2019-03-04;3610000
CFG;33.1787;36.54;36.84;36.0200;36.78;2019-03-05;3525600
CFG;32.4432;35.73;36.52;35.6900;36.44;2019-03-06;3178900
CFG;31.7077;34.92;35.49;34.8350;35.44;2019-03-07;4455500
CFG;31.5625;34.76;34.91;34.4200;34.53;2019-03-08;4147200
CFG;31.8712;35.10;35.19;34.6500;34.94;2019-03-11;2968700
CFG;31.8349;35.06;35.41;34.8950;35.24;2019-03-12;3449300
CFG;32.2344;35.50;35.67;35.0200;35.31;2019-03-13;3441600
CFG;32.4523;35.74;35.88;35.4350;35.55;2019-03-14;3821000
CFG;32.5703;35.87;36.02;35.5750;35.68;2019-03-15;4576400
CFG;33.0516;36.40;36.53;36.0000;36.02;2019-03-18;3817700
CFG;32.4523;35.74;36.78;35.7000;36.77;2019-03-19;3404900
CFG;31.1084;34.26;35.79;34.2500;35.62;2019-03-20;6006200
CFG;30.2186;33.28;34.06;33.2100;34.06;2019-03-21;6460800
CFG;28.8475;31.77;33.05;31.3100;33.05;2019-03-22;7395300
CFG;28.7022;31.61;32.18;31.2950;31.82;2019-03-25;6415800
CFG;29.2561;32.22;32.33;31.6600;31.92;2019-03-26;8749300
CFG;29.0473;31.99;32.22;31.6350;32.07;2019-03-27;5497000
CFG;29.4468;32.43;32.46;31.8700;32.10;2019-03-28;4046300
CFG;29.5103;32.50;32.83;32.3750;32.76;2019-03-29;3938000
CFG;30.6454;33.75;33.85;32.8000;32.82;2019-04-01;4949000
CFG;30.8814;34.01;34.33;33.5000;33.74;2019-04-02;4505300
CFG;31.0086;34.15;34.84;33.9900;34.54;2019-04-03;4797100
CFG;31.5080;34.70;34.99;34.0200;34.02;2019-04-04;4362700
CFG;31.3990;34.58;34.94;34.2300;34.68;2019-04-05;3839700
CFG;31.4807;34.67;34.86;34.3500;34.42;2019-04-08;2533000
CFG;30.8360;33.96;34.58;33.7750;34.39;2019-04-09;4010900
CFG;30.9722;34.11;34.28;33.5850;34.13;2019-04-10;5313400
CFG;31.1992;34.36;34.72;34.0100;34.30;2019-04-11;5809500
CFG;31.8349;35.06;35.36;34.2100;35.04;2019-04-12;4808900
CFG;31.2810;34.45;35.18;34.3250;35.06;2019-04-15;3685600
CFG;31.6896;34.90;34.92;33.8750;34.58;2019-04-16;5238700
CFG;31.7804;35.00;35.10;34.5700;34.86;2019-04-17;6190200
CFG;32.1073;35.36;35.89;34.9300;35.19;2019-04-18;7898300
CFG;32.4160;35.70;35.88;35.0600;35.48;2019-04-22;7448900
CFG;32.7792;36.10;36.21;35.4100;35.57;2019-04-23;5423900
CFG;32.5159;35.81;36.03;35.5250;35.94;2019-04-24;3669400
CFG;32.4341;35.72;36.03;35.2900;35.56;2019-04-25;2680600
CFG;32.6611;35.97;36.18;35.5200;35.76;2019-04-26;3017600
CFG;33.0425;36.39;36.63;36.0660;36.10;2019-04-29;3033300
CFG;33.1616;36.20;36.34;35.7000;36.17;2019-04-30;5657700
CFG;32.8776;35.89;36.59;35.6300;36.18;2019-05-01;5017500
CFG;33.2074;36.25;36.47;35.8800;35.90;2019-05-02;4030700
CFG;33.7112;36.80;36.89;36.3300;36.42;2019-05-03;4094700
CFG;33.5189;36.59;36.82;35.8900;35.89;2019-05-06;3381600
CFG;32.8868;35.90;36.35;35.7150;36.06;2019-05-07;3006500
CFG;32.6761;35.67;36.05;35.3800;35.71;2019-05-08;4487700
CFG;32.8135;35.82;35.94;35.0800;35.28;2019-05-09;4440300
CFG;33.0242;36.05;36.15;35.2400;35.75;2019-05-10;4005000
CFG;31.6226;34.52;35.47;34.4600;35.25;2019-05-13;4058100
CFG;31.9799;34.91;35.31;34.4400;34.51;2019-05-14;3412900
CFG;31.3386;34.21;34.56;33.7250;34.42;2019-05-15;3971800
CFG;31.8425;34.76;35.07;34.4200;34.43;2019-05-16;3301300
CFG;31.8425;34.76;35.12;34.3100;34.31;2019-05-17;3463300
CFG;31.9249;34.85;35.08;34.6050;34.61;2019-05-20;2657800
CFG;32.3097;35.27;35.50;35.0800;35.19;2019-05-21;3425400
CFG;31.9524;34.88;35.08;34.6800;34.94;2019-05-22;2069500
CFG;31.1646;34.02;34.50;33.7600;34.50;2019-05-23;4072100
CFG;31.5493;34.44;34.51;34.0150;34.20;2019-05-24;3329900
CFG;30.9264;33.76;34.47;33.7500;34.26;2019-05-28;3341400
CFG;31.1004;33.95;34.01;33.1250;33.34;2019-05-29;2929400
CFG;30.7065;33.52;34.27;33.2900;33.96;2019-05-30;2777100
CFG;29.8454;32.58;33.12;32.5350;32.72;2019-05-31;3362200
CFG;30.3218;33.10;33.41;32.3600;32.48;2019-06-03;4301500
CFG;31.6409;34.54;34.59;33.5800;33.65;2019-06-04;3276700
CFG;31.4302;34.31;34.57;33.7850;34.57;2019-06-05;3846900
CFG;31.5218;34.41;34.56;33.7150;34.21;2019-06-06;3257200
CFG;31.0180;33.86;34.28;33.8050;34.26;2019-06-07;2455500
CFG;31.5676;34.46;34.76;34.1800;34.32;2019-06-10;7128100
CFG;31.9157;34.84;35.23;34.6300;34.65;2019-06-11;2841200
CFG;31.8333;34.75;35.02;34.5900;34.82;2019-06-12;4132800
CFG;31.9524;34.88;35.17;34.7000;34.98;2019-06-13;3314600
CFG;32.0348;34.97;35.13;34.3050;34.90;2019-06-14;2701200
CFG;31.4944;34.38;35.24;34.3000;35.02;2019-06-17;1625600
CFG;32.3280;35.29;35.34;34.1000;34.27;2019-06-18;3578300
CFG;31.7600;34.67;35.93;34.5900;35.53;2019-06-19;3834200
CFG;32.0257;34.96;35.01;33.8800;34.77;2019-06-20;3969600
CFG;31.8699;34.79;35.24;34.7500;34.91;2019-06-21;5422900
CFG;31.5676;34.46;35.13;34.3800;34.72;2019-06-24;3906000
CFG;31.4577;34.34;34.52;33.7600;34.38;2019-06-25;3060600
CFG;31.5035;34.39;34.89;34.3700;34.48;2019-06-26;3707100
CFG;31.8516;34.77;35.02;34.5350;34.57;2019-06-27;3405700
CFG;32.3921;35.36;35.75;34.6700;35.36;2019-06-28;5347600
CFG;32.6120;35.60;36.30;35.2700;35.79;2019-07-01;4665200
CFG;32.0806;35.02;35.57;34.7750;35.43;2019-07-02;4293400
CFG;32.5295;35.51;35.58;34.9400;35.14;2019-07-03;1999000
CFG;32.8776;35.89;36.42;35.7900;35.95;2019-07-05;2759000
CFG;32.6120;35.60;36.07;35.5000;35.58;2019-07-08;3583600
CFG;32.9692;35.99;36.07;35.2600;35.50;2019-07-09;4464500
CFG;32.0532;34.99;35.82;34.9800;35.50;2019-07-10;5848800
CFG;32.5753;35.56;35.74;34.9900;35.00;2019-07-11;4703100
CFG;32.7494;35.75;35.88;35.2200;35.52;2019-07-12;4562000
CFG;32.1356;35.08;35.67;34.9550;35.67;2019-07-15;4817900
CFG;32.0074;34.94;35.24;34.7000;35.17;2019-07-16;5662400
CFG;31.4669;34.35;34.86;34.3300;34.77;2019-07-17;3716300
CFG;31.7142;34.62;34.92;34.3100;34.58;2019-07-18;6626000
CFG;33.7387;36.83;36.95;35.2500;35.74;2019-07-19;11779500
CFG;33.5097;36.58;36.76;36.2400;36.53;2019-07-22;5761800
CFG;34.0410;37.16;37.32;36.6400;36.74;2019-07-23;4325400
CFG;34.4624;37.62;37.97;37.1000;37.15;2019-07-24;3464400
CFG;33.9128;37.02;38.06;36.9400;37.75;2019-07-25;4724000
CFG;34.5174;37.68;37.81;37.2500;37.35;2019-07-26;4073900
CFG;34.3800;37.53;37.99;37.3900;37.93;2019-07-29;3642200
CFG;34.8147;37.64;37.70;36.7400;36.91;2019-07-30;3316100
CFG;34.4632;37.26;37.85;37.1850;37.54;2019-07-31;4179600
CFG;33.0018;35.68;37.36;35.5600;37.07;2019-08-01;8110400
CFG;32.8446;35.51;35.70;35.0500;35.54;2019-08-02;4264200
CFG;32.0214;34.62;34.91;34.1900;34.85;2019-08-05;9130100
CFG;32.1694;34.78;34.99;34.1350;34.86;2019-08-06;5100400
CFG;30.7357;33.23;33.87;32.8450;33.80;2019-08-07;7405800
CFG;30.9854;33.50;34.08;33.4500;33.56;2019-08-08;7174300
CFG;30.8097;33.31;33.55;32.8350;33.33;2019-08-09;3720900
CFG;30.2270;32.68;32.95;32.5300;32.82;2019-08-12;2327100
CFG;30.6432;33.13;33.66;32.4200;32.66;2019-08-13;4595600
CFG;29.3391;31.72;32.27;31.3650;32.16;2019-08-14;6806800
CFG;29.0616;31.42;32.10;31.3450;31.91;2019-08-15;5329600
CFG;29.9680;32.40;32.63;31.7000;31.79;2019-08-16;3488400
CFG;30.4767;32.95;33.26;32.8350;33.09;2019-08-19;3192200
CFG;29.8755;32.30;32.77;32.2700;32.73;2019-08-20;3400600
CFG;30.1530;32.60;32.77;32.3350;32.67;2019-08-21;3191400
CFG;30.3102;32.77;33.09;32.4000;32.89;2019-08-22;3007300
CFG;29.3853;31.77;33.08;31.6100;32.82;2019-08-23;3569600
CFG;29.7923;32.21;32.30;31.8700;32.10;2019-08-26;2638100
CFG;29.4963;31.89;32.46;31.6600;32.38;2019-08-27;4478100
CFG;30.3935;32.86;33.09;31.7100;31.79;2019-08-28;4588100
CFG;30.9762;33.49;33.72;33.1100;33.14;2019-08-29;5173900
CFG;31.2074;33.74;34.40;33.6800;33.83;2019-08-30;5538100
CFG;30.4212;32.89;33.41;32.5300;33.34;2019-09-03;3175600
CFG;30.7542;33.25;33.38;32.9700;33.16;2019-09-04;2947300
CFG;31.6329;34.20;34.72;33.8000;34.01;2019-09-05;3905900
CFG;31.5774;34.14;34.52;33.9900;34.23;2019-09-06;2867200
CFG;33.0388;35.72;35.82;34.3100;34.52;2019-09-09;3813900
CFG;33.5568;36.28;36.65;35.8300;36.00;2019-09-10;3675500
CFG;33.4920;36.21;36.64;35.6800;36.50;2019-09-11;4345200
CFG;33.6400;36.37;36.67;35.3500;35.59;2019-09-12;5281200
CFG;34.0655;36.83;37.34;36.7100;36.96;2019-09-13;4076800
CFG;34.1857;36.96;37.00;36.2000;36.28;2019-09-16;2605600
CFG;33.6678;36.40;36.68;36.0750;36.68;2019-09-17;3134800
CFG;33.8620;36.61;36.85;35.9700;36.09;2019-09-18;4076600
CFG;33.4550;36.17;36.77;36.0900;36.27;2019-09-19;3667400
CFG;33.1868;35.88;36.37;35.7600;36.24;2019-09-20;7279800
CFG;33.1775;35.87;36.08;35.2300;35.42;2019-09-23;3156200
CFG;32.6226;35.27;35.99;35.0800;35.84;2019-09-24;5729700
CFG;32.9278;35.60;35.84;35.2300;35.29;2019-09-25;3807200
CFG;32.5208;35.16;35.59;35.1300;35.46;2019-09-26;4099100
CFG;32.7243;35.38;35.96;35.1700;35.50;2019-09-27;5140200
CFG;32.7151;35.37;35.70;35.2600;35.64;2019-09-30;2762600
CFG;31.6329;34.20;35.83;34.1800;35.67;2019-10-01;4439400
CFG;30.9854;33.50;33.99;33.3550;33.90;2019-10-02;3933600
CFG;30.9207;33.43;33.44;32.4700;33.18;2019-10-03;5072600
CFG;31.2259;33.76;33.80;33.0700;33.40;2019-10-04;3140200
CFG;31.3924;33.94;34.28;33.5550;33.62;2019-10-07;5741500
CFG;30.1345;32.58;33.29;32.5800;33.02;2019-10-08;8388600
CFG;30.5137;32.99;33.19;32.6700;32.88;2019-10-09;4343500
CFG;31.2352;33.77;33.96;33.2500;33.30;2019-10-10;5358800
CFG;31.8919;34.48;34.93;34.2700;34.58;2019-10-11;4508800
CFG;31.9659;34.56;34.70;34.0650;34.25;2019-10-14;2302900
CFG;32.4838;35.12;35.34;34.5200;34.74;2019-10-15;3281700
CFG;32.4931;35.13;35.54;34.8800;35.12;2019-10-16;5819300
CFG;32.3821;35.01;35.41;34.6550;35.41;2019-10-17;4952600
CFG;32.6688;35.32;35.51;34.7100;35.09;2019-10-18;5639900
CFG;32.9093;35.58;36.11;35.4700;35.78;2019-10-21;4022300
CFG;33.2423;35.94;36.20;35.1800;35.57;2019-10-22;4012500
CFG;33.2793;35.98;36.03;35.5700;35.76;2019-10-23;4053000
CFG;32.9093;35.58;36.10;35.4000;36.00;2019-10-24;4503700
CFG;33.1590;35.85;36.07;35.4200;35.42;2019-10-25;3011400
CFG;33.4550;36.17;36.55;36.0100;36.07;2019-10-28;4089100
CFG;33.3803;35.73;36.07;35.5000;35.50;2019-10-29;3173400
CFG;33.1654;35.50;35.71;35.0900;35.65;2019-10-30;3665100
CFG;32.8478;35.16;35.50;34.5550;35.22;2019-10-31;4221200
CFG;33.6792;36.05;36.05;35.4500;35.60;2019-11-01;4214500
CFG;34.7069;37.15;37.16;36.3600;36.50;2019-11-04;4688200
CFG;35.4076;37.90;37.99;37.2900;37.34;2019-11-05;5502400
CFG;35.2020;37.68;37.85;37.3800;37.75;2019-11-06;4004600
CFG;35.6785;38.19;38.54;38.0700;38.15;2019-11-07;5517500
CFG;35.9868;38.52;38.62;37.8700;38.16;2019-11-08;4518000
CFG;35.8560;38.38;38.61;38.0650;38.07;2019-11-11;2493800
CFG;35.8654;38.39;38.63;38.0900;38.31;2019-11-12;3244500
CFG;35.4076;37.90;38.12;37.6400;37.88;2019-11-13;2663200
CFG;35.0993;37.57;37.77;37.3800;37.68;2019-11-14;3335400
CFG;35.5010;38.00;38.03;37.6550;37.82;2019-11-15;2607800
CFG;35.5010;38.00;38.11;37.7450;37.91;2019-11-18;2613900
CFG;35.5290;38.03;38.25;37.8700;38.13;2019-11-19;2165100
CFG;35.5010;38.00;38.16;37.4400;37.75;2019-11-20;4196900
CFG;35.6038;38.11;38.36;37.7450;38.31;2019-11-21;2528300
CFG;36.0522;38.59;38.66;38.1100;38.21;2019-11-22;2435900
CFG;36.1923;38.74;38.89;38.4300;38.60;2019-11-25;3652100
CFG;35.9588;38.49;38.70;38.3500;38.56;2019-11-26;3028000
CFG;36.1083;38.65;38.84;38.4450;38.70;2019-11-27;2646000
CFG;35.9308;38.46;38.65;38.3900;38.50;2019-11-29;1550500
CFG;35.7906;38.31;38.92;38.2500;38.65;2019-12-02;3575300
CFG;35.2768;37.76;37.87;37.2400;37.69;2019-12-03;3644600
CFG;35.8373;38.36;38.55;37.8500;37.94;2019-12-04;3211400
CFG;36.0242;38.56;38.70;38.3900;38.60;2019-12-05;3348300
CFG;36.4633;39.03;39.53;39.0100;39.27;2019-12-06;2992400
CFG;36.3885;38.95;39.16;38.8600;38.86;2019-12-09;2226200
CFG;36.7435;39.33;39.48;38.8100;38.93;2019-12-10;3643700
CFG;36.5660;39.14;39.44;39.0300;39.37;2019-12-11;2750800
CFG;37.8927;40.56;40.65;39.2300;39.30;2019-12-12;3769000
CFG;37.4816;40.12;40.92;39.9100;40.46;2019-12-13;3424700
CFG;37.6404;40.29;40.87;40.2900;40.75;2019-12-16;3793500
CFG;37.8646;40.53;40.79;40.1800;40.36;2019-12-17;4545000
CFG;37.7432;40.40;40.87;40.4000;40.64;2019-12-18;3257100
CFG;37.6591;40.31;40.62;40.2800;40.44;2019-12-19;4159200
CFG;37.8740;40.54;40.88;40.3100;40.57;2019-12-20;6282700
CFG;37.7805;40.44;40.69;40.2600;40.62;2019-12-23;1815100
CFG;37.8459;40.51;40.56;40.3000;40.54;2019-12-24;1177800
CFG;38.0702;40.75;40.82;40.4600;40.60;2019-12-26;1674800
CFG;37.8179;40.48;40.79;40.4050;40.79;2019-12-27;1400700
CFG;37.7712;40.43;40.79;40.3500;40.79;2019-12-30;1674400
CFG;37.9394;40.61;40.72;40.3600;40.44;2019-12-31;1924500
CFG;38.0702;40.75;40.78;40.1900;40.72;2020-01-02;2903800
CFG;37.2854;39.91;40.16;39.5400;40.00;2020-01-03;2768100
CFG;37.0892;39.70;39.80;39.2200;39.80;2020-01-06;2743500
CFG;36.8557;39.45;39.80;39.2850;39.53;2020-01-07;3266700
CFG;37.1453;39.76;40.02;39.4600;39.49;2020-01-08;5653800
CFG;37.3882;40.02;40.17;39.8000;40.06;2020-01-09;2667400
CFG;36.9210;39.52;40.08;39.4550;40.05;2020-01-10;2004000
CFG;37.2387;39.86;39.97;39.3500;39.58;2020-01-13;3404300
CFG;37.3788;40.01;40.15;39.6300;39.85;2020-01-14;2887400
CFG;36.4166;38.98;39.55;38.7900;39.53;2020-01-15;4466200
CFG;36.9865;39.59;39.73;39.1000;39.30;2020-01-16;5869100
CFG;38.1823;40.87;41.29;40.2300;40.79;2020-01-17;7556300
CFG;37.4536;40.09;40.67;40.0400;40.62;2020-01-21;4493300
CFG;37.5096;40.15;40.44;40.0490;40.24;2020-01-22;5494800
CFG;37.2387;39.86;40.10;39.3200;39.95;2020-01-23;4050100
CFG;36.5567;39.13;39.86;38.7500;39.75;2020-01-24;4790100
CFG;35.5944;38.10;38.64;38.0200;38.14;2020-01-27;4654900
CFG;35.8776;38.01;38.41;37.6700;37.95;2020-01-28;3714600
CFG;35.5095;37.62;38.30;37.5650;38.08;2020-01-29;2555400
CFG;35.7832;37.91;37.99;37.1100;37.15;2020-01-30;9265000
CFG;35.1886;37.28;37.73;37.0350;37.39;2020-01-31;5991000
CFG;35.5661;37.68;38.05;37.5950;37.61;2020-02-03;4277200
CFG;36.1419;38.29;38.92;38.2350;38.52;2020-02-04;2855700
CFG;37.2934;39.51;39.55;38.8400;38.96;2020-02-05;2963200
CFG;36.5478;38.72;39.87;38.6900;39.82;2020-02-06;3180700
CFG;36.2646;38.42;38.66;38.1860;38.40;2020-02-07;2354900
CFG;36.3307;38.49;38.54;38.1300;38.20;2020-02-10;2980100
CFG;36.8121;39.00;39.27;38.5900;38.70;2020-02-11;2716800
CFG;36.6988;38.88;39.46;38.7300;39.29;2020-02-12;2068300
CFG;36.7649;38.95;38.95;38.5400;38.68;2020-02-13;3005600
CFG;36.5006;38.67;39.04;38.4300;38.87;2020-02-14;2089100
CFG;35.8304;37.96;38.55;37.6200;38.29;2020-02-18;4455700
CFG;36.1985;38.35;38.55;37.9000;38.16;2020-02-19;4542100
CFG;36.6044;38.78;38.94;38.1200;38.13;2020-02-20;3906700
CFG;35.5000;37.61;38.49;37.4300;38.43;2020-02-21;3261200
CFG;34.0370;36.06;36.44;35.8450;36.29;2020-02-24;4538500
CFG;32.5079;34.44;36.08;34.2950;35.99;2020-02-25;6157300
CFG;31.8000;33.69;34.80;33.6200;34.70;2020-02-26;6767200
CFG;30.6201;32.44;33.79;32.2000;32.70;2020-02-27;7734300
CFG;29.9122;31.69;32.32;30.9050;31.51;2020-02-28;12008100
CFG;31.4507;33.32;33.34;31.1600;31.68;2020-03-02;8307800
CFG;29.4025;31.15;33.58;31.0100;33.04;2020-03-03;10007400
CFG;29.9310;31.71;31.86;30.4600;31.66;2020-03-04;8414500
CFG;28.0999;29.77;30.73;29.3700;30.56;2020-03-05;8732500
CFG;26.4103;27.98;29.16;27.4750;28.28;2020-03-06;8335700
CFG;21.4831;22.76;24.97;22.2400;24.97;2020-03-09;9957600
CFG;23.9845;25.41;25.53;23.3700;24.12;2020-03-10;11835300
CFG;22.0306;23.34;24.83;22.8600;24.45;2020-03-11;12081800
CFG;20.0579;21.25;23.37;20.1400;21.61;2020-03-12;9385400
CFG;22.3326;23.66;23.85;21.5300;23.45;2020-03-13;9329400
CFG;17.4716;18.51;20.50;18.5100;19.62;2020-03-16;8466400
CFG;18.0379;19.11;19.66;16.8800;19.01;2020-03-17;9620000
CFG;14.4605;15.32;18.09;14.1200;17.67;2020-03-18;8283300
CFG;16.3955;17.37;18.18;14.5650;14.70;2020-03-19;8480200
CFG;16.5371;17.52;18.48;16.4950;17.76;2020-03-20;18780100
CFG;14.9797;15.87;17.68;15.3900;17.68;2020-03-23;7120900
CFG;16.8014;17.80;17.81;16.4670;17.45;2020-03-24;7612400
CFG;16.7164;17.71;18.70;17.1200;18.21;2020-03-25;11161500
CFG;19.5576;20.72;20.96;17.5700;17.93;2020-03-26;10039100
CFG;18.8402;19.96;20.74;19.0400;19.38;2020-03-27;7036600
CFG;18.5476;19.65;19.85;18.7400;19.62;2020-03-30;6643100
CFG;17.7547;18.81;19.97;18.4050;19.42;2020-03-31;6219700
CFG;16.3295;17.30;17.79;16.9600;17.48;2020-04-01;5805600
CFG;16.4427;17.42;18.35;16.9100;17.20;2020-04-02;7065500
CFG;15.9896;16.94;17.79;16.5800;17.29;2020-04-03;4616900
CFG;17.7359;18.79;19.13;17.9700;18.24;2020-04-06;7725100
CFG;18.4343;19.53;21.11;19.3400;20.63;2020-04-07;7126900
CFG;19.3782;20.53;20.66;19.7200;19.92;2020-04-08;5693400
CFG;20.8696;22.11;22.86;21.4800;21.62;2020-04-09;6536000
CFG;20.0012;21.19;22.24;20.7400;22.20;2020-04-13;4721800
CFG;19.1895;20.33;21.85;19.8600;21.67;2020-04-14;6596100
CFG;17.5376;18.58;19.27;18.5000;19.10;2020-04-15;6313600
CFG;16.2256;17.19;18.52;17.1500;18.43;2020-04-16;7355600
CFG;18.7553;19.87;20.30;17.7700;17.77;2020-04-17;12662600
CFG;19.1611;20.30;20.89;18.5400;19.07;2020-04-20;10178500
CFG;18.2078;19.29;19.94;18.9500;19.32;2020-04-21;6203800
CFG;18.4815;19.58;20.26;19.4300;20.05;2020-04-22;5812200
CFG;19.1140;20.25;20.93;19.8500;19.92;2020-04-23;5601400
CFG;19.4443;20.60;21.00;20.1600;20.57;2020-04-24;6454200
CFG;21.1717;22.43;22.66;20.7800;20.84;2020-04-27;7674900
CFG;21.4118;22.29;23.69;22.2000;23.14;2020-04-28;7819400
CFG;22.4108;23.33;23.95;22.8600;23.40;2020-04-29;6215800
CFG;21.5079;22.39;23.00;21.7800;22.49;2020-04-30;5290400
CFG;20.5761;21.42;21.73;21.0900;21.63;2020-05-01;4264500
CFG;20.3647;21.20;21.38;20.6100;21.00;2020-05-04;5864900
CFG;20.3455;21.18;22.40;21.1000;21.74;2020-05-05;5820200
CFG;19.7308;20.54;21.67;20.3200;21.46;2020-05-06;4197400
CFG;20.4128;21.25;22.06;20.8900;20.89;2020-05-07;4983600
CFG;21.3254;22.20;22.42;21.6950;21.93;2020-05-08;4670400
CFG;20.2495;21.08;21.79;20.5400;21.77;2020-05-11;6957800
CFG;19.3369;20.13;21.55;20.1200;21.21;2020-05-12;5207600
CFG;18.5684;19.33;20.03;18.6750;20.00;2020-05-13;6905800
CFG;19.3561;20.15;20.25;18.2000;18.74;2020-05-14;7658800
CFG;19.1352;19.92;20.13;19.4500;19.80;2020-05-15;4215900
CFG;20.7298;21.58;21.79;20.6800;21.16;2020-05-18;7476700
CFG;19.8556;20.67;21.50;20.5900;21.30;2020-05-19;6491900
CFG;20.8162;21.67;21.80;21.1500;21.19;2020-05-20;5465000
CFG;20.5088;21.35;21.93;21.2800;21.50;2020-05-21;4320000
CFG;20.4416;21.28;21.87;20.9700;21.50;2020-05-22;2651400
CFG;22.9680;23.91;24.41;22.6700;22.72;2020-05-26;7724300
CFG;24.6202;25.63;26.16;24.2900;25.89;2020-05-27;7129700
CFG;23.6884;24.66;26.18;24.5700;26.11;2020-05-28;4995100
CFG;23.1505;24.10;24.59;23.7400;23.98;2020-05-29;6797300
CFG;23.7557;24.73;25.05;24.1300;24.42;2020-06-01;3228200
CFG;24.1303;25.12;25.69;24.8250;25.24;2020-06-02;5090200
CFG;25.7633;26.82;27.17;25.9500;26.12;2020-06-03;6353900
CFG;27.3387;28.46;28.47;26.4000;26.66;2020-06-04;6025800
CFG;28.0976;29.25;32.98;29.0300;31.36;2020-06-05;10055600
CFG;29.2119;30.41;31.07;29.4750;30.63;2020-06-08;10600500
CFG;28.3473;29.51;30.10;28.5000;28.87;2020-06-09;5588900
CFG;26.1764;27.25;29.24;27.1700;29.11;2020-06-10;8988200
CFG;23.5155;24.48;26.07;24.3400;25.00;2020-06-11;7522700
CFG;24.8027;25.82;26.29;24.5850;26.20;2020-06-12;4725300
CFG;25.6000;26.65;26.89;24.2700;24.32;2020-06-15;5615000
CFG;26.1668;27.24;28.45;26.4100;28.28;2020-06-16;6394100
CFG;25.3311;26.37;27.42;26.2800;27.25;2020-06-17;4287300
CFG;25.1197;26.15;26.89;25.7800;25.97;2020-06-18;4455900
CFG;24.3512;25.35;26.76;25.0250;26.76;2020-06-19;16909100
CFG;24.4281;25.43;25.79;24.8800;25.02;2020-06-22;4647700
CFG;24.7835;25.80;26.47;25.6300;25.99;2020-06-23;4733800
CFG;23.1313;24.08;25.40;23.9600;25.33;2020-06-24;5363900
CFG;24.2648;25.26;25.39;23.6100;23.86;2020-06-25;5413100
CFG;22.2475;23.16;24.60;22.8200;24.57;2020-06-26;13151700
CFG;22.6030;23.53;23.79;23.0400;23.50;2020-06-29;7956700
CFG;24.2456;25.24;25.41;23.3100;23.38;2020-06-30;8059200
CFG;23.2754;24.23;25.23;24.0100;25.23;2020-07-01;4898200
CFG;22.8239;23.76;25.14;23.6400;25.01;2020-07-02;6692300
CFG;23.3138;24.27;24.93;23.9200;24.40;2020-07-06;3902600
CFG;22.5741;23.50;23.93;23.3900;23.88;2020-07-07;3938900
CFG;22.7278;23.66;23.77;23.0300;23.41;2020-07-08;4074800
CFG;21.8345;22.73;23.65;22.5300;23.38;2020-07-09;4102700
CFG;23.2273;24.18;24.18;22.7100;22.73;2020-07-10;4605200
CFG;23.4099;24.37;24.89;23.7550;24.67;2020-07-13;4819300
CFG;22.9488;23.89;24.35;23.5400;24.17;2020-07-14;3860900
CFG;24.4473;25.45;25.52;24.3600;24.75;2020-07-15;3893600
CFG;24.4473;25.45;26.03;24.8500;25.10;2020-07-16;5141900
CFG;24.1591;25.15;27.42;25.1200;26.67;2020-07-17;6493100
CFG;23.6980;24.67;25.32;24.6000;25.04;2020-07-20;5049100
CFG;24.5434;25.55;25.67;24.6550;24.81;2020-07-21;4945100
CFG;24.5049;25.51;25.69;24.9600;25.12;2020-07-22;4927100
CFG;25.0237;26.05;26.22;25.2500;25.34;2020-07-23;5753900
CFG;24.5722;25.58;26.35;25.5400;26.14;2020-07-24;5731100
CFG;23.8806;24.86;25.49;24.7250;25.35;2020-07-27;4854800
CFG;23.5975;24.18;24.70;24.0800;24.29;2020-07-28;3813100
CFG;24.7394;25.35;25.37;23.9250;24.21;2020-07-29;4775700
CFG;24.1831;24.78;25.00;24.0300;24.48;2020-07-30;4269200
CFG;24.2124;24.81;24.84;24.0650;24.54;2020-07-31;6109500
CFG;23.6463;24.23;24.89;24.1400;24.80;2020-08-03;5454900
CFG;23.6268;24.21;24.42;24.0200;24.20;2020-08-04;3720400
CFG;24.2709;24.87;24.91;24.3550;24.54;2020-08-05;4020400
CFG;24.1636;24.76;25.00;24.5500;24.64;2020-08-06;3520900
CFG;24.8174;25.43;25.44;24.3250;24.46;2020-08-07;4235700
CFG;25.2566;25.88;26.33;25.6000;25.62;2020-08-10;3715100
CFG;26.0080;26.65;27.57;26.5600;26.81;2020-08-11;4731800
CFG;25.8519;26.49;27.37;25.8180;27.37;2020-08-12;3258700
CFG;25.0712;25.69;26.22;25.6100;26.09;2020-08-13;3139600
CFG;25.2761;25.90;26.19;25.3000;25.41;2020-08-14;1935500
CFG;24.8272;25.44;25.83;25.3900;25.68;2020-08-17;2104500
CFG;24.1636;24.76;25.44;24.6450;25.38;2020-08-18;2545500
CFG;24.2026;24.80;25.30;24.5800;24.71;2020-08-19;3777300
CFG;23.7146;24.30;24.55;24.0900;24.44;2020-08-20;2685300
CFG;23.6073;24.19;24.60;24.1500;24.30;2020-08-21;3166300
CFG;24.6222;25.23;25.23;24.1500;24.30;2020-08-24;2856700
CFG;24.9248;25.54;25.89;25.1000;25.71;2020-08-25;4333700
CFG;24.7491;25.36;25.71;25.2800;25.46;2020-08-26;7896100
CFG;25.3835;26.01;26.23;25.2000;25.42;2020-08-27;4418300
CFG;25.6567;26.29;26.34;25.9800;26.26;2020-08-28;3175100
CFG;25.2468;25.87;26.19;25.8200;26.16;2020-08-31;6579500
CFG;25.5396;26.17;26.51;25.5300;25.59;2020-09-01;6890500
CFG;26.1447;26.79;26.99;25.9000;26.11;2020-09-02;5926500
CFG;26.1154;26.76;28.03;26.5100;27.00;2020-09-03;6917100
CFG;26.7009;27.36;27.79;26.5800;27.46;2020-09-04;5626600
CFG;25.9788;26.62;27.06;26.2200;26.78;2020-09-08;10854100
CFG;26.4765;27.13;27.41;26.4900;26.83;2020-09-09;8606000
CFG;26.0763;26.72;28.07;26.5200;27.42;2020-09-10;15213700
CFG;26.4570;27.11;27.16;26.3500;26.70;2020-09-11;7692100
CFG;27.3158;27.99;28.10;27.2800;27.41;2020-09-14;14720200
CFG;26.0471;26.69;28.00;26.6800;27.96;2020-09-15;6309800
CFG;26.9547;27.62;28.18;26.5850;26.76;2020-09-16;7296500
CFG;26.8278;27.49;27.82;26.9150;27.07;2020-09-17;7721500
CFG;26.5058;27.16;27.51;26.9750;27.11;2020-09-18;8947200
CFG;25.2078;25.83;26.72;25.6700;26.31;2020-09-21;4990100
CFG;23.9196;24.51;25.88;24.3000;25.79;2020-09-22;8540800
CFG;23.3731;23.95;25.36;23.9200;24.72;2020-09-23;4782300
CFG;23.2560;23.83;24.53;23.4600;23.95;2020-09-24;3597300
CFG;23.8415;24.43;24.52;23.5400;23.58;2020-09-25;3455200
CFG;24.7296;25.34;25.54;24.9100;24.96;2020-09-28;4067700
CFG;24.1831;24.78;25.36;24.4900;25.22;2020-09-29;2884500
CFG;24.6710;25.28;25.72;24.9000;24.92;2020-09-30;4933100
CFG;24.8174;25.43;25.71;25.1400;25.46;2020-10-01;3432300
CFG;25.5786;26.21;26.36;24.8000;24.90;2020-10-02;3348800
CFG;26.8180;27.48;27.50;26.4500;26.52;2020-10-05;4596800
CFG;26.4765;27.13;28.48;27.0200;28.00;2020-10-06;4766500
CFG;27.4426;28.12;28.46;27.5900;27.63;2020-10-07;2964800
CFG;27.8720;28.56;28.63;27.9600;28.41;2020-10-08;2483200
CFG;27.2865;27.96;28.87;27.8700;28.75;2020-10-09;4148800
CFG;27.7842;28.47;28.51;27.8200;28.00;2020-10-12;3358300
CFG;27.3450;28.02;28.50;27.5700;28.44;2020-10-13;5851600
CFG;26.9156;27.58;28.56;27.5400;28.18;2020-10-14;5018900
CFG;27.2279;27.90;28.06;27.1500;27.24;2020-10-15;9333000
CFG;25.9690;26.61;27.07;26.0700;27.00;2020-10-16;9017300
CFG;25.9983;26.64;27.08;26.5000;26.92;2020-10-19;4454600
CFG;26.9547;27.62;28.04;26.9900;27.11;2020-10-20;5146400
CFG;26.8864;27.55;27.64;27.1900;27.41;2020-10-21;5051300
CFG;28.1648;28.86;28.98;27.4200;27.64;2020-10-22;4310700
CFG;28.4283;29.13;29.37;28.4300;29.10;2020-10-23;4393900
CFG;27.6768;28.36;28.91;27.9900;28.80;2020-10-26;4478600
CFG;26.3806;26.66;28.07;26.6400;27.75;2020-10-27;3508400
CFG;25.6087;25.88;26.52;25.8100;26.03;2020-10-28;3804600
CFG;26.4300;26.71;26.96;25.4100;25.80;2020-10-29;4503200
CFG;26.9644;27.25;27.26;26.3100;26.64;2020-10-30;3404200
CFG;27.7362;28.03;28.07;27.0800;27.61;2020-11-02;3771000
CFG;28.7059;29.01;29.22;28.5100;28.69;2020-11-03;3596300
CFG;26.4399;26.72;28.01;26.4400;27.98;2020-11-04;5861300
CFG;28.6070;28.91;29.24;26.9100;26.92;2020-11-05;8868500
CFG;27.4196;27.71;29.34;27.4900;29.09;2020-11-06;4255900
CFG;31.9911;32.33;32.97;30.5300;30.60;2020-11-09;10508300
CFG;32.4562;32.80;32.98;31.8700;32.46;2020-11-10;5545000
CFG;31.3480;31.68;32.90;31.4200;32.90;2020-11-11;4024400
CFG;30.3584;30.68;31.30;30.0900;30.83;2020-11-12;4376800
CFG;31.4172;31.75;32.00;31.0700;31.16;2020-11-13;3499700
CFG;32.6937;33.04;33.97;32.5400;33.25;2020-11-16;3892300
CFG;32.7234;33.07;33.07;31.7450;32.44;2020-11-17;3363800
CFG;32.1693;32.51;33.60;32.5000;33.16;2020-11-18;2744800
CFG;32.4661;32.81;32.87;31.7700;32.07;2020-11-19;2878400
CFG;31.9417;32.28;32.58;31.8350;32.39;2020-11-20;3816800
CFG;32.9015;33.25;33.41;32.6900;33.00;2020-11-23;2417000
CFG;34.6925;35.06;35.20;34.1000;34.13;2020-11-24;3895200
CFG;34.3363;34.70;34.83;34.0100;34.42;2020-11-25;2792400
CFG;33.7822;34.14;34.77;33.8700;34.55;2020-11-27;1556600
CFG;32.3177;32.66;34.27;32.5850;33.90;2020-11-30;5330400
CFG;33.2676;33.62;34.08;33.4300;33.71;2020-12-01;3875000
CFG;33.9999;34.36;34.63;33.3300;33.46;2020-12-02;3683200
CFG;34.2275;34.59;34.93;33.9050;34.36;2020-12-03;3679000
CFG;35.0587;35.43;35.56;34.8150;35.07;2020-12-04;3605800
CFG;34.9399;35.31;35.41;34.5800;35.09;2020-12-07;3950500
CFG;35.2170;35.59;35.79;34.8500;34.93;2020-12-08;3466500
CFG;35.4347;35.81;36.55;35.6900;36.04;2020-12-09;3330700
CFG;35.6227;36.00;36.13;35.0900;35.25;2020-12-10;3055700
CFG;34.9993;35.37;35.68;34.9550;35.40;2020-12-11;2481000
CFG;34.2571;34.62;36.34;34.5700;36.17;2020-12-14;3481700
CFG;34.9201;35.29;35.50;34.6200;35.20;2020-12-15;2862000
CFG;35.0092;35.38;35.48;34.9300;35.39;2020-12-16;2612100
CFG;34.4155;34.78;35.31;34.5200;35.15;2020-12-17;3559900
CFG;33.8514;34.21;34.97;33.8850;34.78;2020-12-18;7189500
CFG;34.3957;34.76;34.99;33.8700;34.49;2020-12-21;4625400
CFG;33.8811;34.24;35.15;34.2400;35.00;2020-12-22;2904500
CFG;34.9894;35.36;35.57;34.5700;34.61;2020-12-23;2426700
CFG;34.7519;35.12;35.50;34.5900;35.50;2020-12-24;1333700
CFG;34.7420;35.11;35.74;35.0900;35.55;2020-12-28;2458400
CFG;34.5144;34.88;35.27;34.6900;35.15;2020-12-29;1930600
CFG;35.0290;35.40;35.45;34.9000;34.97;2020-12-30;2060200
CFG;35.3852;35.76;35.81;34.9600;35.32;2020-12-31;1829800
CFG;35.1477;35.52;36.20;34.9200;36.02;2021-01-04;3483500
CFG;35.9096;36.29;36.68;35.4100;35.53;2021-01-05;3095400
CFG;38.4032;38.81;39.47;37.4500;37.54;2021-01-06;6295000
CFG;39.7490;40.17;40.66;39.3700;39.50;2021-01-07;4488700
CFG;39.1454;39.56;40.15;38.7200;40.09;2021-01-08;3406300
CFG;39.4125;39.83;40.04;38.6550;39.01;2021-01-11;3771200
CFG;39.8776;40.30;40.84;39.5000;39.88;2021-01-12;2974600
CFG;39.8281;40.25;40.57;39.7400;40.09;2021-01-13;2567700
CFG;41.0156;41.45;41.67;40.4100;40.69;2021-01-14;2721300
CFG;40.2042;40.63;40.95;39.9900;40.46;2021-01-15;4120100
CFG;40.4021;40.83;41.12;40.4100;40.96;2021-01-19;4498800
CFG;39.6698;40.09;41.58;39.4600;40.66;2021-01-20;3991500
CFG;38.5121;38.92;40.27;38.4700;40.01;2021-01-21;4310300
CFG;37.9876;38.39;38.85;37.9500;38.31;2021-01-22;3732700
CFG;37.6512;38.05;38.11;36.6600;38.00;2021-01-25;5470000
CFG;36.6617;37.05;38.70;37.0100;38.54;2021-01-26;4672600
CFG;34.8410;35.21;36.67;35.0900;36.32;2021-01-27;5949700
CFG;36.8200;37.21;37.64;35.7710;36.11;2021-01-28;5126000
CFG;36.0581;36.44;37.71;36.0050;37.08;2021-01-29;6484600
CFG;36.8200;37.21;37.25;36.3100;36.81;2021-02-01;4597800
CFG;38.0100;38.01;38.77;37.4500;37.45;2021-02-02;3749500
CFG;38.7900;38.79;38.89;37.8700;38.01;2021-02-03;3663100
CFG;40.1500;40.15;40.35;39.2250;39.39;2021-02-04;1180521
